Age_08_04,KM,HP,Quarterly_Tax,Weight,Guarantee_Period,Met_Color,Color,Automatic,CC,Doors,Mfr_Guarantee,ABS,Airbag_1,Airbag_2,Airco,Automatic_airco,Boardcomputer,CD_Player,Central_Lock,Powered_Windows,Power_Steering,Mistlamps,Sport_Model,Backseat_Divider,Metallic_Rim,Parking_Assistant,Tow_Bar,Id,Price
23,46986,90,210,1165,3,1,Blue,0,1300,3,0,1,1,1,0,0,1,0,1,1,1,0,0,1,0,0,0,1,13500
23,72937,90,210,1165,3,1,Silver,0,1300,3,0,1,1,1,1,0,1,1,1,0,1,0,0,1,0,0,0,2,13750
30,38500,90,210,1170,3,0,Black,0,1300,3,1,1,1,1,1,0,1,0,1,1,1,1,0,1,0,0,0,5,13750
25,31461,192,100,1185,12,0,Silver,0,1800,3,1,1,1,1,1,1,0,1,1,1,1,0,0,0,1,0,0,11,20950
25,32189,192,100,1185,3,0,Red,0,1800,3,1,1,1,1,1,1,1,0,1,1,1,1,1,1,1,0,0,13,19600
31,23000,192,100,1185,3,1,Black,0,1800,3,1,1,1,1,1,1,1,1,1,1,1,1,1,1,1,0,0,14,21500
28,18739,192,100,1185,3,0,Grey,0,1800,3,0,1,1,1,1,1,1,0,1,1,1,1,1,1,1,0,0,16,22000
30,34000,192,100,1185,3,1,Grey,0,1800,3,0,1,1,1,1,1,1,1,1,1,1,1,0,1,1,0,0,17,22750
24,21716,110,85,1105,18,1,Blue,0,1600,3,0,1,1,0,1,0,0,0,1,1,1,0,0,0,0,0,1,18,17950
30,64359,110,85,1105,3,1,Grey,0,1600,3,1,1,1,1,1,0,1,1,1,1,1,0,1,1,0,0,0,20,16950
30,67660,110,85,1105,3,1,Blue,0,1600,3,1,1,1,1,1,0,1,1,1,1,1,0,1,1,0,0,1,21,15950
29,43905,110,100,1170,3,0,Grey,1,1600,3,0,1,1,1,1,1,1,0,1,1,1,1,1,1,0,0,0,22,16950
28,56349,110,85,1120,3,1,Black,0,1600,3,0,1,1,1,1,1,1,1,1,1,1,1,1,1,1,0,1,23,15950
28,32220,110,85,1120,3,1,Black,0,1600,3,1,1,1,1,1,1,1,1,1,1,1,1,1,1,0,0,0,24,16950
25,28450,110,85,1120,3,1,Blue,0,1600,3,0,1,1,1,1,1,1,1,1,1,1,1,1,1,1,0,1,26,15950
27,34545,110,85,1120,3,1,Blue,0,1600,3,1,1,1,1,1,1,1,1,1,1,1,1,0,1,1,0,0,27,17495
29,41415,110,85,1120,3,1,Black,0,1600,3,1,1,1,1,1,1,1,1,1,1,1,1,1,1,1,0,0,28,15750
30,11090,110,85,1120,3,1,Blue,0,1600,3,1,1,1,1,1,1,1,1,1,1,1,1,1,1,0,0,0,30,17950
29,9750,97,19,1100,12,1,Silver,0,1400,3,1,1,1,0,0,0,0,0,0,0,1,0,0,0,0,0,0,31,12950
27,29510,97,85,1100,3,1,Black,0,1400,3,1,1,1,1,1,0,1,0,1,1,1,0,1,1,0,0,0,33,15950
26,32692,97,85,1100,3,1,Grey,0,1400,3,0,1,1,1,1,0,1,0,1,1,1,0,1,1,0,0,0,34,14950
26,43000,97,85,1100,3,0,Grey,0,1400,3,1,1,1,1,1,0,1,1,1,1,1,0,1,1,0,0,0,36,15750
25,25000,97,85,1100,3,0,Grey,0,1400,3,0,1,1,1,1,0,1,1,1,1,1,0,1,1,0,0,0,37,15950
23,10000,97,85,1100,3,1,Blue,0,1400,3,1,1,1,1,0,0,1,0,1,1,1,0,1,1,0,0,0,38,14950
32,25329,97,85,1100,3,1,Green,0,1400,3,1,1,1,1,1,0,1,1,1,1,1,0,1,1,0,0,0,39,15750
22,49059,97,85,1100,3,0,Blue,0,1400,3,0,1,1,1,0,0,1,0,0,0,1,0,1,1,0,0,0,41,13950
27,44068,97,85,1100,3,1,Red,0,1400,3,1,1,1,1,1,0,1,1,1,1,1,0,1,1,0,0,0,42,16750
22,46961,97,85,1100,3,0,Blue,0,1400,3,1,1,1,1,0,0,1,0,0,0,1,0,1,1,0,0,0,43,13950
27,110404,90,234,1255,3,0,Red,0,1300,5,1,1,1,1,1,0,1,0,1,1,1,0,1,1,0,0,0,44,16950
27,79375,90,234,1255,3,1,Grey,0,1300,5,0,1,1,1,1,0,1,1,1,1,1,0,1,1,0,0,0,47,17950
22,75048,97,85,1110,3,1,Blue,0,1400,5,0,1,1,1,1,0,1,1,1,1,1,0,1,1,0,0,1,48,15800
22,72215,90,234,1255,3,1,Grey,0,1300,5,1,1,1,1,1,0,1,0,1,1,1,0,1,1,0,0,0,49,17950
30,57086,97,85,1110,3,1,Grey,0,1400,5,0,1,1,1,1,0,1,1,1,1,1,0,0,1,1,0,0,52,15750
26,56000,110,100,1180,3,1,Blue,1,1600,5,1,1,1,1,1,1,1,1,1,1,1,1,1,1,1,0,0,53,20500
27,49866,192,100,1195,13,1,Green,0,1800,5,0,1,1,0,1,0,0,0,1,1,1,0,0,0,1,0,0,54,21950
25,49163,110,100,1165,3,0,Green,1,1600,5,0,1,1,1,0,0,1,1,0,0,1,0,1,1,0,0,0,55,15500
32,45725,110,85,1075,3,1,Black,0,1600,5,1,1,1,1,1,0,1,1,1,1,1,0,0,1,0,0,1,56,13250
28,43210,97,85,1110,3,0,Grey,0,1400,5,0,1,1,1,1,0,1,0,1,1,1,0,1,1,0,0,0,57,15250
26,43000,97,85,1110,3,0,Grey,0,1400,5,1,1,1,1,1,0,1,0,1,1,1,0,1,1,0,0,0,58,15250
23,39704,110,100,1180,3,1,Blue,1,1600,5,1,1,1,1,1,1,1,1,1,1,1,1,1,1,0,0,0,59,18950
30,38950,110,85,1130,3,1,Red,0,1600,5,0,1,1,1,1,1,1,0,1,1,1,1,1,1,0,0,0,60,15999
27,37177,110,85,1130,3,0,Red,0,1600,5,0,1,1,1,1,1,1,1,1,1,1,1,1,1,0,0,0,62,16500
31,36544,110,85,1130,3,1,Blue,0,1600,5,1,1,1,1,1,1,1,0,1,1,1,1,1,1,0,0,1,63,18750
30,33511,110,85,1130,3,1,Blue,0,1600,5,1,1,1,1,1,1,1,0,1,1,1,1,1,1,0,0,0,64,17950
27,32809,97,85,1110,3,1,Black,0,1400,5,0,1,1,1,1,0,1,1,1,1,1,0,1,1,0,0,1,65,17950
26,32181,110,19,1075,12,1,Blue,0,1600,5,0,1,1,0,1,1,1,1,1,1,1,1,0,0,0,0,0,66,16950
28,30993,110,85,1130,3,1,Black,0,1600,5,1,1,1,1,1,1,1,1,1,1,1,1,1,1,0,0,0,67,18950
25,29719,97,85,1110,3,1,Black,0,1400,5,1,1,1,1,0,0,1,1,0,1,1,0,1,1,0,0,0,70,15950
28,29206,97,85,1110,3,1,Grey,0,1400,5,1,1,1,1,1,0,1,1,1,1,1,0,1,1,0,0,0,71,15950
28,28817,110,85,1130,3,1,Grey,0,1300,5,1,1,1,1,1,1,0,1,1,1,1,1,0,1,0,0,0,73,18950
23,28000,110,85,1115,3,1,Grey,0,1600,5,1,1,1,1,1,0,1,1,1,1,1,0,1,1,0,0,0,76,16950
31,25266,110,85,1130,3,1,Grey,0,1600,5,1,1,1,1,1,1,1,1,1,1,1,1,1,1,0,0,0,77,18750
27,23489,110,85,1115,3,0,Silver,0,1600,5,0,1,1,1,0,0,1,0,1,1,1,0,1,1,0,0,0,78,18450
29,22575,110,85,1115,3,1,Grey,0,1600,5,1,1,1,1,1,0,1,1,1,1,1,0,0,0,0,0,0,79,16895
25,20019,110,100,1180,3,1,Blue,1,1600,5,0,1,1,1,1,1,0,1,1,1,1,0,0,0,0,0,0,81,18950
31,16238,110,100,1180,3,1,Blue,1,1600,5,1,1,1,1,1,1,1,1,1,1,1,1,1,1,0,1,0,84,17950
25,15414,97,85,1110,3,1,Grey,0,1400,5,1,1,1,1,1,0,1,1,1,1,1,0,1,1,0,0,0,85,16650
28,8537,110,85,1130,3,1,Grey,0,1600,5,0,1,1,1,1,1,1,0,1,1,1,1,1,1,0,0,0,86,17450
30,7000,97,85,1100,12,1,Silver,0,1400,5,0,1,1,0,1,0,0,0,1,0,1,0,0,0,0,0,0,87,14900
20,66966,90,210,1245,3,1,Blue,0,1300,3,0,1,1,1,1,0,1,1,1,1,1,0,1,1,0,0,0,88,17950
19,51884,97,85,1100,3,1,Grey,0,1400,3,1,1,1,1,1,0,1,1,1,1,1,0,1,1,0,0,0,89,15950
20,48110,97,85,1100,3,1,Black,0,1400,3,1,1,1,1,1,0,1,1,1,1,1,0,1,1,0,0,0,91,16450
20,37500,90,234,1260,3,1,Black,0,1300,3,0,1,1,1,1,1,1,1,1,1,1,0,1,1,0,0,0,92,22250
16,34472,90,234,1260,3,1,Grey,0,1300,3,0,1,1,1,1,1,0,1,1,1,1,0,0,0,1,0,0,93,19950
20,33329,97,85,1100,3,1,Grey,0,1400,3,0,1,1,1,1,0,1,1,1,1,1,0,1,1,0,0,0,94,15950
20,31850,110,85,1120,20,0,Black,0,1600,3,0,1,1,0,1,0,0,0,1,1,1,0,0,0,0,0,0,95,18900
19,29435,97,85,1100,3,1,Black,0,1400,3,0,1,1,1,1,0,1,1,1,1,1,0,1,1,0,0,0,97,15950
19,25948,97,85,1100,3,1,Blue,0,1400,3,1,1,1,1,1,0,1,1,1,1,1,0,1,1,0,0,0,98,15950
11,24500,110,85,1120,3,1,Blue,0,1600,3,0,1,1,1,1,1,1,0,1,1,1,1,1,1,1,0,0,99,18750
18,23902,97,85,1100,3,1,Grey,0,1400,3,1,1,1,1,1,0,1,1,1,1,1,0,1,1,1,0,0,100,17450
20,23175,110,85,1120,3,1,Grey,0,1600,3,1,1,1,1,1,1,1,0,1,1,1,1,1,1,0,0,0,101,18990
19,19200,97,85,1100,3,1,Blue,0,1400,3,0,1,1,1,1,0,1,0,1,1,1,0,1,1,1,0,0,102,16250
11,16123,110,85,1105,3,1,Grey,0,1600,3,1,1,1,1,1,0,1,1,1,1,1,1,1,1,1,0,0,104,18500
11,14635,110,100,1155,3,1,Blue,1,1600,3,1,1,1,1,1,0,1,0,1,1,1,0,1,1,0,0,0,105,19450
19,13748,97,85,1100,3,1,Green,0,1400,3,1,1,1,1,1,0,1,1,1,1,1,0,0,1,0,0,0,106,16950
14,11500,110,69,1045,12,1,Blue,0,1600,3,0,1,1,0,1,0,0,0,1,1,1,0,0,0,0,0,0,107,18800
20,7187,110,85,1105,3,1,Blue,0,1600,3,1,1,1,1,1,0,1,1,1,1,1,0,1,1,0,0,0,109,17950
4,4000,116,283,1480,3,1,Grey,0,1300,5,0,1,1,1,1,1,1,1,1,1,1,1,1,1,1,0,0,112,31000
8,13253,116,234,1320,3,1,Grey,0,1300,5,0,1,1,1,1,1,0,1,1,1,1,0,0,0,0,0,0,114,24950
8,13253,116,234,1320,3,1,Grey,0,1300,5,0,1,1,1,1,1,0,1,1,1,1,0,0,0,0,0,0,115,24950
7,10000,116,234,1270,3,1,Silver,0,1300,5,0,1,1,1,1,0,1,1,1,1,1,0,1,1,1,0,0,116,22950
8,6000,90,234,1280,3,1,Grey,0,1300,5,1,1,1,1,1,1,1,0,1,1,1,0,1,1,1,0,0,117,24990
8,10841,90,234,1270,3,1,Grey,0,1300,5,0,1,1,1,1,1,1,1,1,1,1,0,0,1,0,0,0,118,21950
7,1,110,85,1105,3,1,Grey,0,1600,3,0,1,1,1,1,0,1,0,1,1,1,0,1,1,0,0,0,119,17900
20,63000,90,234,1255,3,1,Blue,0,1300,5,0,1,1,1,1,0,1,1,1,1,1,0,1,1,0,0,0,120,19250
19,51099,90,234,1255,3,1,Silver,0,1300,5,0,1,1,0,1,0,0,0,1,1,1,0,0,0,0,0,1,123,19950
14,40010,110,85,1115,3,1,Black,0,1600,5,1,1,1,1,0,0,1,1,1,1,1,0,0,1,0,0,0,124,16350
17,36012,110,85,1130,3,0,Red,0,1600,5,1,1,1,1,1,1,1,0,1,1,1,1,1,1,0,0,0,126,16950
16,36000,110,85,1130,3,1,Black,0,1600,5,1,1,1,1,1,1,1,1,1,1,1,1,1,1,1,0,0,127,21750
20,36000,110,19,1075,3,1,Blue,0,1600,5,0,1,1,0,1,0,0,0,1,1,1,0,0,0,1,0,1,128,15950
20,35000,97,85,1110,3,1,Blue,0,1400,5,0,1,1,1,1,0,1,1,1,1,1,0,1,1,0,0,0,129,16500
17,33740,97,85,1135,3,1,Blue,0,1400,5,0,1,1,1,1,1,1,0,1,1,1,1,1,1,0,0,0,130,17950
13,33477,110,19,1075,3,1,Black,0,1600,5,0,1,1,1,1,0,1,1,1,1,1,0,0,0,0,0,0,131,15850
20,32627,97,85,1110,3,1,Grey,0,1400,5,0,1,1,1,1,0,1,1,1,1,1,0,1,1,0,0,0,132,16250
20,29797,97,85,1110,3,1,Blue,0,1400,5,1,1,1,1,1,0,1,1,1,1,1,0,1,1,0,0,0,133,15950
19,29441,97,85,1110,3,1,Blue,0,1400,5,0,1,1,1,1,0,1,1,1,1,1,0,1,1,0,0,0,134,16250
13,29371,110,19,1105,24,1,Black,0,1600,4,0,1,1,1,1,0,1,1,1,1,1,0,0,0,0,0,0,135,15950
20,29000,97,85,1110,3,0,Blue,0,1400,5,0,1,1,1,1,0,1,1,1,1,1,0,0,1,0,0,0,136,16500
19,27821,97,85,1110,3,0,Grey,0,1400,5,1,1,1,1,1,0,1,0,1,1,1,0,1,1,0,0,0,137,16500
19,27371,97,85,1135,3,0,Black,0,1400,5,0,1,1,1,1,1,1,1,1,1,1,1,1,1,0,0,0,138,18450
13,25170,110,19,1105,24,1,Black,0,1600,5,0,1,1,1,1,0,1,1,1,1,1,0,0,0,0,0,0,139,16250
11,25000,116,64,1320,3,1,Grey,0,1300,5,0,1,1,1,1,0,1,1,1,1,1,0,0,0,1,0,0,140,23000
20,22588,97,85,1110,3,1,Silver,0,1400,5,1,1,1,1,1,0,1,1,1,1,1,0,1,1,0,0,0,142,16450
19,21684,192,19,1185,12,1,Silver,0,1800,5,0,1,1,0,1,0,0,0,1,1,1,0,0,0,1,0,0,143,23950
13,21428,110,85,1130,3,1,Black,0,1600,5,1,1,1,1,1,1,1,1,1,1,1,1,1,1,1,0,0,144,19950
15,20270,110,85,1130,3,1,Blue,0,1600,5,1,1,1,1,1,1,1,1,1,1,1,1,1,1,0,0,0,146,18950
20,20000,110,100,1165,3,0,Blue,1,1600,5,0,1,1,1,1,0,1,1,1,1,1,0,0,1,0,0,0,148,20500
13,19988,110,85,1130,3,1,Grey,0,1600,5,1,1,1,1,1,1,1,1,1,1,1,1,1,1,1,0,0,149,24500
19,18328,110,85,1130,3,0,Grey,0,1600,5,1,1,1,1,1,1,1,0,1,1,1,1,1,1,0,0,0,150,19450
14,17896,110,85,1150,3,1,Silver,1,1600,4,0,1,1,1,1,1,1,1,1,1,1,1,1,1,0,0,0,151,20950
20,17300,97,85,1110,3,1,Grey,0,1400,5,1,1,1,1,1,0,1,1,1,1,1,0,1,1,0,0,0,152,17200
19,17038,110,85,1130,3,0,Black,0,1600,5,1,1,1,1,1,1,1,0,1,1,1,1,1,1,0,0,0,153,19950
10,13747,97,85,1110,3,1,Black,0,1400,5,1,1,1,1,1,0,1,1,1,1,1,1,1,1,1,0,0,154,18450
13,13178,110,85,1130,3,1,Black,0,1600,5,1,1,1,1,1,1,1,0,1,1,1,1,1,1,1,0,0,156,21750
16,13000,110,85,1105,3,1,Grey,0,1600,4,1,1,1,1,1,1,1,1,1,1,1,1,1,1,0,0,0,158,19500
17,11999,110,85,1130,3,1,Grey,0,1600,5,0,1,1,1,1,1,1,1,1,1,1,1,1,1,1,0,0,160,19750
16,11754,110,100,1180,3,0,Grey,1,1600,5,0,1,1,1,1,1,1,1,1,1,1,1,1,1,0,0,0,161,19750
17,10000,110,85,1105,12,0,Silver,0,1300,5,0,1,1,1,1,0,1,0,1,1,1,0,1,1,0,0,0,163,20750
9,7650,110,85,1115,3,1,Silver,0,1600,5,0,1,1,1,1,0,1,0,1,1,1,0,1,1,0,0,0,164,19600
14,6500,110,85,1100,28,1,Silver,0,1600,4,0,1,1,0,1,0,0,0,1,1,1,0,0,0,0,0,0,165,19500
11,6155,97,85,1110,3,1,Blue,0,1400,5,1,1,1,1,1,0,1,1,1,1,1,0,0,1,0,0,0,166,17650
14,6000,110,85,1130,3,0,Blue,0,1600,5,0,1,1,1,1,1,1,1,1,1,1,1,1,1,0,0,0,167,19950
14,5459,110,85,1130,3,1,Grey,0,1600,5,0,1,1,1,1,1,1,1,1,1,1,1,1,1,1,0,0,168,19950
14,5278,110,85,1150,3,1,Silver,1,1600,4,1,1,1,1,1,1,1,1,1,1,1,1,1,1,0,0,0,169,20950
12,5000,110,85,1130,3,1,Black,0,1600,5,1,1,1,1,1,1,1,1,1,1,1,1,1,1,0,0,0,170,20500
9,1,98,19,1065,36,1,Silver,0,1400,4,0,1,1,1,1,0,1,1,1,1,1,0,0,0,0,0,0,171,17795
8,11000,110,85,1130,24,1,Blue,0,1600,5,0,1,1,0,0,0,0,0,1,1,1,0,0,0,1,0,0,173,23750
8,10077,97,85,1110,3,1,Black,0,1400,5,1,1,1,1,1,0,1,1,1,1,1,1,1,1,1,0,0,174,19500
8,9788,110,85,1130,3,1,Silver,0,1600,5,1,1,1,1,1,1,1,1,1,1,1,1,1,1,1,0,1,176,21950
8,8574,110,85,1130,3,1,Black,0,1600,5,1,1,1,1,1,1,1,1,1,1,1,1,1,1,1,0,0,177,19950
7,6250,110,85,1115,3,1,Grey,0,1600,5,0,1,1,1,1,0,1,1,1,1,1,1,0,1,1,0,0,179,19950
8,5000,110,85,1130,3,1,Grey,0,1600,5,0,1,1,1,1,1,1,0,1,1,1,1,1,1,1,0,0,180,21950
2,15,110,85,1130,3,1,Blue,0,1600,5,1,1,1,1,1,1,1,1,1,1,1,1,1,1,0,0,0,185,21500
1,1,98,19,1100,36,1,Grey,0,1400,4,0,1,1,1,1,0,1,1,1,1,1,0,0,0,0,0,0,186,17795
43,243000,69,185,1110,3,0,White,0,1300,3,0,1,1,1,1,0,0,0,1,1,1,1,0,1,1,0,0,188,6950
38,180638,90,210,1160,3,0,Red,0,1300,4,0,1,1,1,1,0,1,0,1,1,1,1,0,1,0,0,0,189,9500
40,179860,90,210,1205,3,1,Blue,0,1300,5,0,1,1,1,1,0,1,1,1,1,1,1,0,1,0,0,0,190,11950
44,158320,69,64,1110,3,0,White,0,1800,5,0,1,1,0,0,0,1,0,1,1,1,0,0,0,0,0,0,193,4350
40,130062,69,185,1140,3,1,Red,0,1300,5,0,1,1,1,1,0,1,0,0,0,1,0,0,1,0,0,1,195,11750
41,123425,69,185,1140,3,1,Blue,0,1300,5,0,1,1,1,1,0,0,1,1,1,1,0,0,1,0,0,0,196,13250
44,110000,69,185,1095,6,1,Silver,0,1300,5,0,1,1,0,1,0,0,0,1,1,1,0,0,0,0,0,0,198,11900
42,105699,97,69,1025,3,1,Grey,0,1400,3,0,1,1,1,0,0,1,0,0,0,1,0,0,1,0,0,0,200,9950
44,96829,110,85,1075,3,1,Red,0,1600,5,1,1,1,1,1,0,1,1,0,0,1,0,0,1,1,0,0,202,11495
40,96518,97,69,1025,12,1,Red,0,1400,3,0,1,1,0,1,0,0,0,0,0,1,0,0,0,0,0,1,203,11250
35,91456,69,185,1110,3,1,Red,0,1300,3,0,1,1,1,1,0,1,0,1,1,1,1,0,1,0,0,0,205,10450
43,89968,69,185,1140,3,1,Green,0,1300,5,0,0,1,1,0,0,0,0,1,1,1,0,0,1,1,0,0,206,12950
44,89757,110,69,1045,3,1,Black,0,1600,3,1,1,1,1,1,0,1,1,1,1,1,1,1,1,1,0,0,207,11500
43,85017,97,85,1060,3,0,Red,0,1400,5,1,1,1,1,0,0,1,1,0,0,1,0,0,1,0,0,0,209,10950
37,82743,110,197,1121,3,1,Green,0,1600,5,1,1,1,1,1,0,1,1,1,1,1,1,0,1,0,0,0,211,11950
41,81106,69,185,1140,3,1,Black,0,1300,5,0,1,1,1,1,0,1,0,1,0,1,0,0,1,0,0,0,212,13250
34,78677,110,85,1105,3,1,Blue,1,1600,5,0,1,1,1,1,0,1,1,1,1,1,0,0,1,0,0,1,214,11790
40,78425,110,85,1075,3,1,Blue,0,1600,5,0,1,1,1,0,0,1,1,0,0,1,0,0,1,0,0,1,215,11450
33,78108,90,210,1170,3,1,Grey,0,1300,3,1,1,1,1,1,0,1,0,1,1,1,1,0,1,0,0,0,216,13500
33,77321,110,85,1075,3,1,Grey,0,1600,5,0,1,1,1,1,0,1,0,1,1,1,0,0,1,0,0,0,217,10950
44,74172,110,163,1615,3,1,Black,0,1600,5,1,0,1,0,1,0,0,1,1,1,1,0,0,1,0,0,0,223,12450
44,71793,110,197,1067,3,1,Red,0,1600,4,1,1,1,1,1,0,1,1,1,1,1,0,0,1,0,0,1,225,14950
35,71200,110,85,1075,3,1,Green,0,1600,5,0,1,1,1,1,0,0,1,0,1,1,0,0,1,0,0,0,226,12450
38,67805,110,85,1075,3,1,Blue,0,1600,5,1,1,1,1,1,0,1,1,0,0,1,0,0,1,0,0,0,227,12950
35,65988,110,69,1040,3,1,Blue,0,1600,3,1,1,1,1,0,0,1,0,0,0,1,0,0,1,0,0,0,228,11950
34,65345,97,85,1060,3,1,Red,0,1400,5,1,1,1,1,1,0,1,1,1,1,1,0,0,1,0,0,1,229,11690
42,64564,110,85,1080,3,1,Silver,0,1600,5,1,1,1,1,1,0,1,1,1,1,1,1,0,1,0,0,0,230,12450
36,63459,97,85,1060,3,1,Green,0,1400,5,1,1,1,1,1,0,1,1,1,1,1,0,0,1,1,0,0,231,12750
33,62000,110,19,1075,12,1,Green,0,1600,5,1,1,1,0,1,0,0,0,1,1,1,0,0,0,0,0,0,233,12950
42,61300,97,69,1030,3,1,Blue,0,1400,3,1,1,1,1,1,0,1,1,1,1,1,1,0,1,0,0,0,234,11950
41,61000,110,85,1075,3,0,Red,0,1600,5,0,1,1,1,0,0,0,0,0,0,1,0,0,1,0,0,0,236,11900
38,60829,110,85,1075,3,1,Blue,0,1600,5,1,1,1,1,0,0,1,0,0,0,1,0,0,1,0,0,0,237,11650
44,60500,110,85,1075,12,0,Red,0,1600,5,1,0,0,0,0,0,0,0,0,0,0,0,0,0,0,0,0,238,10950
35,59500,69,64,1110,12,1,Silver,0,1300,3,1,1,1,0,1,0,0,0,1,1,1,0,0,0,0,0,0,239,13950
38,58798,110,85,1075,3,1,Grey,0,1600,5,1,1,1,1,0,0,1,0,0,0,1,0,0,1,0,0,0,242,10950
38,58363,110,85,1055,3,1,Black,0,1600,3,0,1,1,1,1,0,1,1,1,1,1,1,1,1,1,0,0,243,12450
39,55678,110,69,1030,3,1,Blue,0,1600,4,1,1,1,1,1,0,1,1,1,1,1,0,0,1,1,0,1,249,12900
43,55539,110,85,1085,3,1,Red,0,1600,5,1,1,1,1,1,0,0,0,0,0,1,0,1,1,0,0,0,250,13500
42,55400,110,85,1075,3,0,Red,0,1600,5,1,0,1,0,0,0,0,1,0,0,1,0,0,1,0,0,1,251,11750
43,54600,110,69,1030,3,0,Blue,0,1600,4,1,1,1,1,1,0,0,0,0,0,1,0,0,1,0,0,0,253,10850
43,53773,110,85,1075,3,1,Grey,0,1600,5,1,1,1,1,0,0,0,0,0,0,1,0,0,1,0,0,1,254,11750
42,53719,110,85,1105,3,1,Grey,1,1600,5,1,1,1,1,0,0,1,0,1,1,1,0,0,1,0,0,1,255,14950
39,53644,110,19,1075,3,1,Green,0,1600,5,0,1,1,1,0,0,0,0,0,0,1,0,0,0,0,0,0,256,9940
42,53350,110,85,1075,12,0,Black,0,1600,5,1,1,1,0,0,0,0,0,0,0,1,0,0,0,0,0,0,257,12900
38,53000,110,85,1075,6,1,Silver,0,1600,5,0,1,1,0,1,0,0,0,1,1,1,0,0,0,0,0,0,258,13500
33,51945,110,85,1075,3,1,Green,0,1600,5,0,1,1,1,1,0,1,1,1,1,1,0,0,1,0,0,0,261,13450
39,50873,110,85,1075,3,1,Blue,0,1600,5,1,1,1,1,0,0,1,1,0,0,1,0,0,1,0,0,0,263,12495
41,50856,110,69,1030,12,0,Green,0,1600,4,0,1,1,0,1,0,0,0,1,1,1,0,0,0,0,0,1,264,13500
40,50640,110,85,1075,3,1,Blue,0,1600,5,0,1,1,1,0,0,1,1,0,0,1,0,0,1,0,0,0,265,12750
39,50000,97,85,1060,3,1,Black,0,1400,5,0,1,1,1,1,0,1,0,1,1,1,0,0,1,0,0,0,266,12000
34,49291,110,69,1040,3,1,Black,0,1600,3,1,1,1,1,1,0,1,0,0,0,1,0,0,1,0,0,0,269,12450
40,48952,90,210,1205,3,1,Blue,0,1300,5,0,1,1,1,1,0,1,1,1,1,1,1,0,1,0,0,1,270,14750
33,48928,69,185,1105,3,1,Grey,0,1300,3,1,1,1,1,1,0,0,0,0,0,1,0,0,1,0,0,0,272,13500
35,48052,69,185,1105,3,1,Grey,0,1300,3,1,1,1,1,1,0,1,0,0,0,1,0,0,1,0,0,0,274,13500
43,48000,110,85,1075,6,1,Red,0,1600,5,0,1,1,0,0,0,0,0,0,0,1,0,0,0,0,0,1,276,13500
41,47350,110,85,1075,3,1,Grey,0,1600,5,1,1,1,1,0,0,1,0,0,0,1,0,0,1,0,0,1,277,11480
39,46821,97,85,1060,3,1,Red,0,1400,5,1,1,1,1,1,0,1,1,1,1,1,0,0,1,0,0,1,278,13450
39,46694,110,69,1040,3,0,Red,0,1600,3,1,1,1,1,0,0,0,1,0,0,1,0,0,1,1,0,0,279,11495
43,46515,97,69,1025,12,0,Red,0,1400,5,0,1,1,0,1,0,0,0,0,0,1,0,0,0,0,0,0,280,12750
38,46327,110,85,1055,3,1,Black,0,1600,3,1,1,1,1,1,0,0,1,1,1,1,1,0,1,1,0,0,281,14990
39,45713,97,19,1085,6,1,Blue,0,1400,5,0,1,1,0,1,0,0,1,1,1,1,0,0,0,0,0,0,284,12850
40,45600,110,85,1105,3,1,Grey,1,1600,5,0,1,1,1,1,0,1,0,1,1,1,0,0,1,0,0,1,285,13950
41,45287,110,85,1075,3,1,Red,0,1600,5,0,1,1,1,0,0,1,1,0,0,1,0,0,1,0,0,1,286,11950
39,45081,110,85,1075,3,1,Grey,0,1600,5,1,1,1,1,1,0,1,1,1,1,1,1,0,1,0,0,0,287,12950
40,44830,110,85,1075,3,1,Green,0,1600,5,0,1,1,1,1,0,0,1,0,0,1,0,0,1,0,0,1,288,11700
37,44757,97,69,1025,3,0,Red,0,1400,3,0,1,1,1,1,0,1,0,0,0,1,0,0,1,0,0,0,289,9950
44,44218,97,85,1060,3,1,Grey,0,1400,5,1,1,1,1,0,0,0,1,0,0,1,0,0,1,1,0,1,290,11895
43,43632,110,85,1075,3,1,Blue,0,1600,5,0,1,1,1,0,0,1,0,1,0,1,0,0,1,0,0,1,291,12950
36,43427,110,69,1040,3,1,Green,0,1600,3,1,1,1,1,0,0,1,1,1,1,1,0,0,1,1,0,0,292,12500
39,43254,110,85,1075,3,1,Red,0,1600,5,1,1,1,1,1,0,0,1,1,1,1,0,0,1,0,0,0,293,13875
33,42823,110,85,1075,3,1,Red,0,1600,5,1,1,1,1,1,0,1,0,1,1,1,0,0,1,0,0,0,295,12295
42,42560,110,85,1080,3,1,Silver,0,1600,5,1,1,1,1,1,0,1,1,1,1,1,1,0,1,0,0,0,296,13950
38,41754,110,69,1040,3,0,Red,0,1600,3,0,1,1,1,0,0,1,0,0,0,1,0,0,1,0,0,0,297,10950
44,41499,110,197,1103,3,1,Green,0,1600,5,1,1,1,1,0,0,0,0,0,0,1,0,0,1,0,0,0,298,12950
35,41000,110,85,1075,3,1,Grey,0,1600,5,1,1,1,1,1,0,1,1,1,1,1,0,0,1,0,0,0,300,13995
39,40000,110,85,1055,3,1,Grey,0,1600,3,0,1,1,1,1,0,1,0,1,1,1,1,0,1,1,0,1,301,13750
37,39757,110,85,1075,3,1,Blue,0,1600,5,1,1,1,1,1,0,1,1,1,1,1,0,0,1,0,0,1,302,12750
43,39650,110,85,1055,3,0,Blue,0,1600,3,0,1,1,1,0,0,1,0,1,1,1,1,0,1,1,0,0,304,13950
44,39516,97,85,1060,3,1,Grey,0,1400,5,1,1,1,1,0,0,1,1,1,0,1,0,0,1,0,0,1,306,13950
44,39000,97,69,1025,3,1,Blue,0,1400,3,0,1,1,1,0,0,1,0,1,0,1,0,0,1,1,0,1,308,9950
42,38932,110,69,1040,12,1,Green,0,1600,3,0,1,1,0,0,0,0,0,1,1,0,0,0,0,0,0,1,309,13500
37,38812,97,69,1025,3,0,Red,0,1400,3,1,1,1,1,1,0,1,1,1,1,1,0,1,1,0,0,0,310,11450
40,38653,110,85,1080,3,1,Green,0,1600,5,1,1,1,1,1,0,1,1,1,1,1,1,0,1,0,0,0,312,12950
44,38461,110,85,1080,3,1,Grey,0,1600,5,1,1,1,1,1,0,1,1,1,1,1,1,0,1,0,0,1,313,13995
43,37576,97,69,1030,3,0,Grey,0,1400,3,0,1,1,1,1,0,1,0,1,1,1,1,0,1,0,0,0,316,9950
41,37533,110,85,1075,3,1,Green,0,1600,5,0,1,1,1,1,0,1,0,1,1,1,0,0,1,0,0,0,317,13950
44,37389,110,85,1080,3,1,Black,0,1600,5,1,1,1,1,1,0,1,1,1,1,1,1,0,1,0,0,1,318,12950
38,37320,97,69,1025,3,1,Blue,0,1400,3,0,1,1,1,1,0,1,1,0,0,1,0,0,1,0,0,0,319,10950
42,37000,97,69,1025,3,1,Green,0,1400,3,1,1,1,1,0,0,1,0,0,0,1,0,0,1,0,0,0,320,9900
44,37000,110,19,1075,3,0,Green,0,1600,4,0,1,1,0,0,0,0,0,0,0,1,0,0,0,0,0,0,321,11950
40,36566,110,85,1090,3,0,Red,0,1600,5,1,1,1,1,1,0,1,1,1,1,1,1,1,1,1,0,0,322,11990
36,36269,110,85,1075,3,1,Blue,0,1600,5,0,1,1,1,1,0,1,1,1,1,1,0,0,1,0,0,1,323,10750
44,36066,110,69,1040,3,1,Black,0,1600,3,1,1,1,1,0,0,1,0,0,0,1,0,0,1,0,0,1,325,11250
41,34000,110,85,1075,3,1,Red,0,1600,5,0,1,1,1,1,0,1,1,1,0,1,0,0,1,0,1,1,327,11950
33,33591,110,85,1075,3,1,Red,0,1600,5,0,1,1,1,1,0,1,0,1,1,1,0,0,1,0,0,0,329,12950
35,33258,110,85,1075,3,1,Grey,0,1600,5,1,1,1,1,1,0,1,1,1,1,1,0,0,1,0,0,1,330,12950
41,33000,110,19,1075,3,1,Silver,1,1600,5,0,1,1,0,1,0,0,0,1,1,1,0,0,0,0,0,0,332,11000
35,32941,110,85,1080,3,1,Yellow,0,1600,5,1,1,1,1,1,0,1,1,1,1,1,1,0,1,0,0,0,333,13950
38,32781,110,85,1075,3,0,Blue,0,1600,5,1,1,1,1,1,0,1,1,0,0,1,0,0,1,0,0,0,334,11950
40,32532,110,69,1040,3,1,Black,0,1600,3,1,1,1,1,0,0,1,1,0,0,1,0,0,1,0,0,0,335,11750
34,32431,97,85,1060,3,1,Silver,0,1400,5,1,1,1,1,1,0,1,1,1,1,1,0,0,1,0,0,0,336,12400
35,32000,110,69,1040,3,0,Black,0,1600,3,0,1,1,1,0,0,1,0,0,0,1,0,0,1,0,0,0,337,12500
41,30989,110,69,1045,3,0,Green,0,1600,3,0,1,1,1,1,0,1,1,1,1,1,1,0,1,0,0,0,340,12200
41,29716,116,85,1075,3,1,Grey,0,1600,5,0,1,1,0,0,0,0,1,0,0,1,0,0,0,0,0,1,343,11900
44,29716,110,85,1070,3,1,Silver,1,1600,3,1,1,1,1,1,0,0,0,0,0,1,0,0,1,0,0,0,344,11950
42,29640,110,85,1055,3,0,Red,0,1600,3,1,1,1,1,1,0,1,1,1,1,1,1,1,1,1,0,0,345,14950
41,29056,97,85,1060,3,1,Grey,0,1400,5,1,1,1,1,1,0,1,1,1,1,1,0,0,1,0,0,1,346,11950
33,28715,110,85,1075,3,1,Grey,0,1600,5,1,1,1,1,1,0,0,0,1,1,1,0,0,1,0,0,1,347,12950
41,28571,110,85,1090,3,0,Red,0,1600,5,1,1,1,1,1,0,0,1,1,1,1,1,0,1,1,0,0,348,14950
40,28362,110,69,1040,3,1,Blue,0,1600,3,0,1,1,1,1,0,1,1,1,1,1,0,0,1,1,0,1,349,13450
38,28150,110,85,1075,3,1,Red,0,1600,5,0,1,1,1,1,0,0,0,1,1,1,0,0,1,0,0,1,350,13750
43,27301,110,69,1040,3,1,Grey,0,1600,3,1,1,1,1,0,0,1,1,0,0,1,0,0,1,0,0,1,351,12950
33,27240,110,85,1075,12,1,Blue,0,1600,5,0,1,1,0,1,0,0,0,1,1,1,0,0,0,0,0,0,352,12750
39,27170,97,85,1060,3,1,Yellow,0,1400,5,1,1,1,1,0,0,0,0,0,0,1,0,0,1,1,0,0,353,11895
42,27141,97,85,1060,3,1,Green,0,1400,5,1,1,1,1,0,0,1,0,0,0,1,0,0,1,0,0,0,354,9950
38,26262,110,85,1075,3,1,Grey,0,1600,5,0,1,1,1,1,0,1,1,1,1,1,0,0,1,0,0,0,355,12450
43,25228,110,69,1045,3,1,Blue,0,1600,3,1,1,1,1,1,0,1,0,1,1,1,1,0,1,0,0,0,357,14950
39,25062,110,85,1080,3,1,Green,0,1600,5,1,1,1,1,1,0,0,0,1,1,1,1,0,1,0,0,1,358,13750
39,24723,110,85,1060,3,1,Green,1,1600,4,1,1,1,1,0,0,0,1,0,0,1,0,0,1,0,0,0,359,12695
33,24650,110,85,1055,3,1,Black,0,1600,3,1,1,1,1,1,0,1,1,1,1,1,1,1,1,1,0,0,360,14990
41,24475,110,69,1030,12,1,Red,0,1600,5,0,0,1,0,1,0,0,0,1,0,1,0,0,0,0,0,0,362,14350
35,24011,97,69,1025,3,0,Grey,0,1400,3,1,0,1,1,0,0,0,0,0,0,1,0,0,1,0,0,0,364,11500
41,24000,97,69,1025,3,1,Grey,0,1400,3,0,1,1,1,0,0,1,1,0,0,1,0,0,1,0,0,0,365,11950
40,23616,110,85,1075,3,1,Green,0,1600,5,0,1,1,1,1,0,1,0,1,1,1,0,0,1,0,0,0,366,13450
38,22865,110,85,1075,3,1,Silver,0,1600,5,1,1,1,1,1,0,1,1,1,1,1,0,0,1,0,0,0,367,12900
35,21904,97,69,1025,3,0,Blue,0,1400,3,0,1,1,1,0,0,1,0,0,0,1,0,0,1,0,0,0,369,10950
41,21651,97,69,1025,3,0,Green,0,1400,3,1,1,1,1,0,0,1,0,0,0,1,0,0,1,0,0,0,370,11950
37,21500,110,69,1030,12,1,Red,0,1600,5,1,1,1,0,0,0,0,0,1,0,1,0,0,0,0,0,1,371,11450
44,21027,110,85,1080,3,1,Green,0,1600,5,1,1,1,1,1,0,1,1,1,1,1,1,0,1,0,0,1,372,13250
39,18500,110,69,1030,3,0,Red,0,1600,4,0,1,1,1,1,0,1,0,0,0,1,0,0,1,0,0,0,373,10250
40,17051,97,85,1060,3,0,Grey,0,1400,5,1,1,1,1,0,0,1,0,0,0,1,0,0,1,0,0,0,375,11950
40,16325,110,85,1080,3,1,Silver,0,1600,5,0,1,1,1,1,0,1,1,1,1,1,1,0,1,0,0,0,377,12950
39,12000,110,85,1075,12,1,Green,0,1600,5,0,1,1,0,0,0,0,0,0,0,1,0,0,0,0,0,0,379,11500
43,10000,97,85,1060,6,1,Blue,0,1400,5,0,1,1,0,0,0,0,0,0,0,1,0,0,0,0,0,0,380,13500
51,198167,69,185,1095,3,0,Red,0,1300,4,0,1,1,1,1,0,0,0,1,1,1,0,0,1,0,0,0,382,6400
53,176000,69,185,1105,3,0,Blue,0,1300,3,0,1,1,1,1,0,1,0,0,0,1,0,0,1,0,0,0,383,7000
54,174139,72,185,1100,3,1,Blue,0,1300,4,0,1,1,1,0,0,0,0,0,0,1,0,0,0,0,0,1,384,7750
45,174000,69,185,1095,6,1,Silver,0,1300,5,0,1,1,0,1,0,0,0,1,0,1,0,0,0,0,0,0,385,8900
55,150000,110,72,1075,6,1,Blue,0,1600,3,0,0,0,0,1,0,0,0,0,1,1,0,0,0,1,0,0,386,8500
54,149329,72,185,1135,3,1,Red,0,1300,5,0,1,1,1,0,0,0,0,0,0,1,0,1,1,0,0,1,387,8950
51,146736,110,85,1080,3,1,Silver,0,1600,5,0,1,1,1,1,0,1,1,1,1,1,1,0,1,0,0,1,388,9900
53,143513,69,185,1140,3,0,Grey,0,1300,5,0,0,0,0,0,0,0,0,0,0,0,0,0,0,0,0,0,389,10250
48,142130,110,197,1119,3,0,Red,0,1600,5,0,1,1,1,1,0,1,1,0,0,1,0,0,1,0,0,1,390,9250
48,140700,69,64,1110,3,1,Grey,0,1300,5,0,1,1,0,1,0,0,1,1,1,1,0,0,0,0,0,0,391,7750
54,138394,69,185,1095,3,1,Silver,0,1300,4,0,1,1,1,1,0,1,1,0,0,1,0,0,1,1,0,0,392,9450
55,137000,72,185,1135,3,1,Blue,0,1300,5,0,1,1,1,1,0,0,0,1,0,1,0,1,1,0,0,0,393,7750
56,129155,69,64,1110,3,0,White,0,1800,5,0,1,1,0,0,0,0,0,1,0,1,0,0,0,0,0,0,396,4450
50,126110,110,85,1055,3,0,Black,0,1600,3,0,1,1,1,0,0,1,0,1,1,1,1,0,1,1,0,0,397,9950
48,119742,110,85,1080,3,1,Blue,0,1600,5,0,1,1,1,1,0,1,1,1,1,1,1,0,1,1,0,0,398,9000
53,117913,69,64,1110,3,1,Blue,0,1300,5,0,1,1,0,1,0,0,1,1,1,1,1,0,0,1,0,0,399,9950
55,117175,110,69,1035,3,1,Green,0,1600,4,1,1,1,1,1,0,1,0,1,0,1,1,0,1,0,0,0,401,10500
54,115046,69,185,1140,3,1,Blue,0,1300,5,0,1,1,1,1,0,1,1,1,0,1,0,0,1,0,0,0,404,10500
52,104805,97,69,1025,3,1,Black,0,1400,3,1,1,1,1,1,0,1,1,0,0,1,0,0,1,0,0,0,407,9450
51,103018,69,185,1140,3,0,White,0,1300,5,0,1,1,1,0,0,1,0,0,0,1,0,0,1,0,0,1,409,10950
47,102352,110,85,1080,3,1,Red,0,1600,5,1,1,1,1,1,0,0,0,1,1,1,1,0,1,0,0,1,410,11900
50,99865,110,69,1035,3,1,Red,0,1600,4,0,1,1,0,0,0,0,0,0,0,1,0,0,0,0,0,0,413,7900
52,99323,110,85,1055,3,1,Black,0,1600,3,1,1,1,1,1,0,1,1,1,1,1,1,0,1,1,0,0,414,10950
51,98040,110,85,1080,3,0,Grey,0,1600,5,1,1,1,1,0,0,1,0,0,0,1,0,0,1,0,0,0,416,11950
49,97600,110,69,1045,6,1,Silver,0,1600,3,0,1,0,0,1,0,0,0,1,1,1,0,0,0,0,0,1,417,10900
55,97234,110,85,1080,3,0,Blue,0,1600,5,0,1,1,1,1,0,1,0,1,1,1,1,0,1,0,0,0,418,9950
51,96135,72,185,1115,3,0,Black,0,1300,3,0,1,1,1,0,0,0,0,0,0,1,0,1,1,0,0,0,419,9950
54,96100,110,85,1080,3,1,Green,0,1600,5,1,1,1,1,1,0,1,0,1,1,1,1,0,1,0,0,0,420,10950
55,94401,72,185,1115,3,0,Red,0,1300,3,0,1,1,1,0,0,0,0,0,0,1,0,1,1,0,0,0,421,8950
49,91340,110,85,1055,3,1,Blue,0,1600,3,1,1,1,1,1,0,1,0,1,1,1,1,0,1,1,0,1,423,10500
49,86221,110,69,1045,3,0,Grey,0,1600,3,1,1,1,1,1,0,0,0,1,1,1,1,0,1,0,0,0,429,11450
54,84598,110,19,1075,6,0,Red,0,1600,5,0,1,1,0,1,0,0,0,1,1,1,0,0,0,0,0,1,430,12500
50,83567,110,85,1075,3,0,Green,0,1600,5,0,1,1,1,0,0,1,1,0,0,1,0,0,1,0,0,1,431,10500
50,82735,97,69,1030,3,1,Black,0,1400,3,1,1,1,1,1,0,1,1,1,1,1,1,0,1,1,0,0,434,10950
54,81905,110,19,1105,6,1,Green,0,1600,5,0,1,1,0,1,0,0,1,1,1,1,1,0,0,0,0,0,435,10950
47,78785,110,197,1119,3,1,Black,0,1600,5,1,1,1,1,0,0,0,0,0,0,1,0,0,1,0,0,1,439,11500
49,77648,110,69,1030,3,0,Red,0,1600,4,1,1,1,1,0,0,0,1,1,0,1,0,0,1,0,0,0,442,12500
54,77270,110,69,1035,3,1,Blue,0,1600,4,1,1,1,1,1,0,0,1,1,1,1,0,0,1,0,0,0,443,11950
50,76167,97,85,1060,3,1,Blue,0,1400,5,1,1,1,1,1,0,1,0,0,0,1,0,0,1,0,0,0,444,10750
46,75249,110,69,1035,3,1,Red,0,1600,4,1,1,1,1,1,0,1,1,0,1,1,0,0,1,0,0,0,445,11450
48,75045,110,85,1055,6,1,Silver,0,1600,3,0,1,1,0,1,0,0,0,1,1,1,0,0,0,1,0,0,447,11750
49,74656,69,185,1105,3,0,Silver,0,1300,3,1,1,1,1,0,0,0,0,0,0,1,0,0,1,0,0,0,450,10995
56,74500,97,69,1025,3,0,Grey,0,1400,3,0,1,1,1,0,0,1,0,0,0,1,0,0,1,0,0,0,451,11450
49,74494,110,85,1075,3,1,Grey,0,1600,5,1,1,1,1,0,0,0,1,0,0,1,0,0,1,0,0,1,452,8900
47,73403,110,85,1075,3,1,Grey,0,1600,5,1,1,1,1,0,0,1,0,1,1,1,0,0,1,0,0,0,454,11750
49,73175,97,69,1030,3,1,Silver,0,1400,3,1,1,1,1,1,0,1,1,1,1,1,1,0,1,0,0,0,455,11450
52,73000,110,85,1055,3,0,Grey,0,1600,3,0,1,1,1,1,0,1,0,1,1,1,1,0,1,1,0,0,456,12000
50,72242,110,85,1070,3,0,Blue,1,1600,3,1,1,1,1,0,0,0,0,1,1,1,0,0,1,0,0,0,457,11950
53,72000,97,69,1025,3,1,Green,0,1400,3,0,1,1,1,1,0,1,0,1,1,1,0,0,1,0,0,0,458,9850
55,69813,97,69,1025,3,1,Silver,0,1400,3,0,1,1,1,0,0,1,0,0,0,1,0,0,1,0,0,1,463,9500
49,69659,86,69,1025,3,0,Red,0,1300,3,0,1,1,1,1,0,0,0,1,1,1,1,1,1,0,0,0,464,11950
46,69574,97,85,1065,3,0,Blue,0,1400,5,1,1,1,1,1,0,1,0,1,1,1,1,0,1,0,0,0,465,10750
47,69000,69,185,1140,3,1,Blue,0,1300,5,0,0,1,1,1,0,0,0,0,0,1,0,0,1,0,0,0,466,8750
49,68565,110,69,1030,3,1,Blue,0,1600,4,0,1,1,1,0,0,1,1,0,1,1,0,0,1,0,0,0,467,8750
55,68520,72,185,1115,3,1,Red,0,1300,3,1,1,1,1,0,0,0,1,0,0,1,0,0,1,1,0,0,468,11450
52,66527,110,85,1080,3,1,Blue,0,1600,5,1,1,1,1,1,0,1,1,1,1,1,1,0,1,0,0,1,471,13950
52,65170,97,69,1025,3,1,Grey,0,1400,3,1,1,1,1,1,0,1,0,0,0,1,0,0,1,0,0,0,475,9950
56,65000,110,19,1075,6,1,Silver,0,1600,5,0,0,0,0,1,0,0,0,0,0,0,0,0,0,0,0,0,476,11950
48,64193,110,69,1040,3,1,Grey,0,1600,3,0,1,1,1,0,0,1,0,0,0,1,0,0,1,0,0,0,477,10450
54,64000,97,69,1025,3,1,Blue,0,1400,3,0,1,1,1,0,0,0,0,0,0,1,0,0,1,0,0,0,478,8950
54,63792,110,85,1075,3,1,Green,0,1600,5,0,1,1,1,1,0,1,0,1,1,1,0,0,1,0,0,0,479,10250
54,63135,110,69,1050,3,1,Blue,0,1600,3,1,1,1,1,1,0,0,0,1,1,1,0,0,1,0,0,1,481,10500
48,63000,69,185,1140,6,1,Silver,0,1300,5,0,1,1,0,1,0,0,0,1,1,1,0,0,0,0,0,1,483,11500
55,63000,110,69,1035,3,0,Green,0,1600,4,0,1,1,0,1,0,1,0,1,1,1,0,0,0,0,0,0,484,11500
54,62987,110,85,1080,3,0,Red,0,1600,5,0,1,1,1,1,0,0,0,1,1,1,1,0,1,0,0,1,485,11450
54,62519,97,69,1025,3,0,Black,0,1400,3,0,1,1,1,0,0,0,1,0,0,1,0,0,1,0,0,0,487,9500
50,62280,97,85,1060,3,1,Green,0,1400,5,0,1,1,1,1,0,1,0,0,0,1,0,0,1,0,0,0,488,10500
50,61672,110,85,1075,12,0,Blue,0,1600,5,0,1,1,0,0,0,0,0,0,0,1,0,0,0,0,0,0,489,10750
54,61000,69,185,1140,6,0,White,0,1300,5,0,1,1,0,0,0,0,0,0,0,1,0,0,0,0,0,1,490,8950
56,61000,110,69,1050,3,1,Black,0,1600,3,1,0,1,0,0,0,0,0,1,1,1,0,0,1,0,0,0,491,12000
53,60558,110,19,1105,12,1,Blue,0,1600,4,0,1,1,1,1,0,1,1,1,1,1,1,0,0,0,0,0,492,9940
47,60348,110,69,1030,3,0,Green,0,1600,4,1,1,1,1,0,0,1,0,1,1,1,0,0,1,0,0,0,493,10950
54,60239,110,85,1075,3,1,Green,0,1600,5,0,1,1,1,0,0,1,0,0,0,1,0,0,1,0,0,1,494,10750
51,59000,97,69,1025,6,1,Silver,0,1400,3,0,0,1,0,1,0,0,0,1,1,1,0,0,0,0,0,0,495,9799
51,58761,97,85,1060,12,0,Silver,0,1300,5,0,1,1,0,0,0,0,0,1,1,1,0,0,0,0,0,1,496,11750
54,58745,110,69,1035,3,1,Blue,0,1600,4,1,1,1,1,1,0,1,1,1,1,1,1,0,1,0,0,0,497,11950
52,58596,110,69,1045,3,1,Blue,0,1600,3,0,1,1,1,1,0,1,0,1,1,1,1,0,1,0,0,0,498,11250
54,58530,110,85,1075,3,0,Red,0,1600,5,0,1,1,1,1,0,0,0,1,1,1,1,0,1,1,0,0,499,11750
56,58142,110,85,1080,3,1,Green,0,1600,5,1,1,1,1,1,0,1,0,1,1,1,1,0,1,0,0,0,501,11250
51,57645,110,85,1080,3,0,Red,0,1600,5,0,1,1,1,1,0,1,0,1,1,1,1,0,1,0,0,0,503,9700
47,57500,110,19,1105,3,1,Red,0,1600,4,0,1,1,0,1,1,0,0,1,1,1,0,0,0,0,0,0,504,11950
53,57475,110,69,1040,3,0,White,0,1600,3,0,1,1,1,1,0,0,0,0,0,1,0,0,1,0,0,1,505,9900
55,56743,110,69,1045,3,0,Black,0,1600,3,0,1,1,1,1,0,1,0,1,1,1,1,0,1,0,0,0,506,9990
48,56675,97,69,1025,3,1,Red,0,1400,3,0,1,1,1,0,0,1,1,1,1,1,0,0,1,0,0,0,507,9475
54,55877,110,85,1075,3,1,Red,0,1600,5,1,1,1,1,0,0,0,0,0,0,1,0,0,1,0,0,1,508,11500
55,54900,97,85,1060,3,1,Red,0,1400,5,1,1,1,1,0,0,0,0,0,0,1,0,0,1,0,0,0,510,11500
46,53700,97,85,1060,3,1,Grey,0,1400,5,1,1,1,1,0,0,1,1,1,1,1,0,0,1,0,0,0,512,10900
52,53561,97,85,1060,3,1,Grey,0,1400,5,1,1,1,1,0,0,0,1,1,1,1,0,0,1,0,0,0,513,11700
51,53408,110,85,1080,12,1,Green,0,1600,5,0,1,1,0,1,0,0,0,1,1,1,0,0,0,0,0,0,514,11900
51,53268,110,85,1080,3,1,Red,0,1600,5,1,1,1,1,1,0,1,1,0,1,1,0,0,1,0,0,0,515,13950
56,52448,97,69,1025,3,0,Grey,0,1400,3,1,1,1,1,0,0,1,1,0,0,1,0,0,1,0,0,0,517,10500
55,52141,110,85,1070,3,1,Green,0,1600,5,1,1,1,1,1,0,0,0,0,0,1,0,0,1,0,0,1,519,11950
56,52000,97,69,1025,3,0,Grey,0,1400,3,0,1,1,1,0,0,1,0,0,0,1,0,0,1,0,0,0,520,10000
48,50967,97,85,1060,3,1,Grey,0,1400,5,1,1,1,1,0,0,0,0,0,0,1,0,0,1,0,0,0,521,10495
50,50400,110,85,1080,3,0,Grey,0,1600,5,1,1,1,1,1,0,1,0,1,1,1,1,0,1,0,0,0,522,11450
54,50000,97,69,1025,3,1,Silver,0,1400,3,0,1,1,1,0,0,1,0,0,0,1,0,0,1,0,0,1,523,9400
51,50000,86,69,1045,12,1,Violet,0,1300,5,1,1,1,0,1,0,0,0,1,1,1,0,0,0,0,0,0,524,11950
53,49969,110,85,1075,3,0,Red,0,1600,5,0,1,1,1,1,0,1,0,1,1,1,0,0,1,0,0,1,525,9650
49,49568,110,19,1105,3,1,Grey,0,1600,3,0,1,1,0,1,1,0,0,0,0,1,1,0,0,0,0,0,526,18950
51,49473,110,85,1055,3,0,Red,0,1600,3,1,1,1,1,1,0,1,0,1,1,1,1,0,1,1,0,0,527,11450
52,49432,110,69,1050,3,1,Blue,0,1600,3,1,1,1,1,1,0,0,0,1,1,1,0,0,1,0,0,1,528,10250
48,49417,110,69,1045,3,1,Red,0,1600,3,1,1,1,1,1,0,1,0,1,1,1,1,0,1,0,0,0,529,11450
54,48370,110,85,1080,3,1,Green,0,1600,5,0,1,1,1,1,0,0,1,1,1,1,1,0,1,0,0,1,532,13750
54,47852,110,69,1030,3,1,Red,0,1600,4,0,1,1,1,0,0,0,0,0,0,1,0,0,1,0,0,0,534,10250
52,47689,110,85,1075,3,0,Red,0,1600,5,1,1,1,1,0,0,0,0,0,0,1,0,0,1,0,0,0,536,11895
53,47451,110,85,1055,3,1,Black,0,1600,3,0,1,1,1,1,0,1,1,1,1,1,1,1,1,1,0,1,537,12950
50,47219,110,85,1080,3,1,Grey,0,1600,5,1,1,1,1,1,0,1,1,1,1,1,1,0,1,0,0,0,538,11950
56,47211,110,85,1070,3,1,Green,0,1600,5,1,1,1,1,0,0,0,0,0,0,1,0,0,1,0,0,0,539,10750
54,46856,97,85,1060,3,0,Red,0,1400,5,0,1,1,1,0,0,1,1,0,0,1,0,0,1,0,0,0,540,9550
56,46500,86,69,1035,12,0,Black,0,1300,5,1,1,1,0,0,0,0,0,0,0,1,0,0,1,0,0,0,541,10950
52,46449,110,69,1035,3,1,Red,0,1600,4,1,1,1,1,1,0,1,1,1,1,1,0,0,1,0,0,1,542,11750
54,46230,110,85,1055,3,1,Black,0,1600,3,1,1,1,1,1,0,1,1,1,1,1,1,0,1,1,0,0,544,12450
52,46029,110,69,1030,3,1,Grey,0,1600,4,1,1,1,1,1,0,1,0,0,0,1,0,0,1,0,0,0,545,10500
50,46000,97,69,1025,3,0,Red,0,1400,3,1,1,1,1,0,0,1,1,0,0,1,0,0,1,0,0,0,546,10900
47,45850,97,85,1060,3,0,Grey,0,1400,5,1,1,1,1,0,0,1,0,0,0,1,0,0,1,0,0,0,548,10950
56,45336,110,85,1080,3,1,Green,0,1600,5,1,1,1,1,1,0,0,1,1,1,1,1,0,1,1,0,0,549,12500
55,44537,97,69,1025,3,0,Red,0,1400,3,0,1,1,1,0,0,0,0,0,0,1,0,0,1,0,0,1,550,9950
52,41700,97,69,1025,3,1,Grey,0,1400,3,1,1,1,1,0,0,1,0,1,1,1,0,0,1,0,0,1,555,10750
49,41636,110,19,1105,12,1,Silver,0,1600,5,0,1,1,0,1,0,0,0,1,1,1,0,0,0,0,0,1,556,12950
50,41273,97,85,1060,3,0,Grey,0,1400,5,1,1,1,1,0,0,1,0,1,1,1,0,0,1,0,0,1,557,10995
49,40836,110,85,1075,3,0,Grey,1,1600,3,1,1,1,1,1,0,1,0,1,1,1,1,0,1,0,0,0,558,11950
50,40400,97,85,1060,3,1,Red,0,1400,5,1,1,1,1,0,0,1,0,1,1,1,0,0,1,0,0,1,559,11250
47,40000,110,85,1080,3,0,Black,0,1600,5,0,1,1,1,1,0,0,0,1,1,1,1,0,1,0,0,0,562,11000
50,39706,110,85,1080,3,1,Grey,0,1600,5,0,1,1,1,1,0,1,1,1,1,1,1,0,1,0,0,0,563,13500
54,39291,110,69,1040,3,1,Green,0,1600,3,0,0,1,1,1,0,0,1,1,1,1,1,0,1,0,0,0,564,10950
54,39000,97,69,1025,3,0,Grey,0,1400,3,0,1,1,1,0,0,1,1,0,0,1,0,0,1,0,0,0,565,10750
51,38403,110,85,1055,3,0,Blue,0,1600,3,0,1,1,1,0,0,1,0,1,1,1,1,0,1,1,0,0,567,12950
54,37000,97,69,1025,3,1,Grey,0,1400,3,1,1,1,1,0,0,1,1,0,0,1,0,0,1,0,0,1,569,10900
55,36406,110,69,1035,3,1,Grey,0,1600,4,1,1,1,1,1,0,1,0,1,1,1,0,0,1,0,0,0,570,10995
48,36005,97,85,1065,3,1,Black,0,1400,5,1,1,1,1,1,0,1,0,1,1,1,1,0,1,0,0,0,571,10750
49,36000,110,85,1080,3,0,Grey,0,1600,5,1,1,1,1,1,0,1,0,1,1,1,1,0,1,0,0,0,573,13000
45,36000,110,85,1070,3,1,Green,1,1600,3,1,1,1,1,0,0,0,0,0,0,1,0,0,1,0,0,0,574,12950
52,35823,110,85,1075,3,0,Grey,0,1600,5,1,1,1,1,0,0,1,0,0,0,1,0,0,1,0,0,0,575,11500
56,35230,97,69,1025,3,0,Grey,0,1400,3,1,1,1,1,0,0,0,0,0,0,1,0,0,1,0,0,0,576,10950
48,35142,110,85,1055,3,0,Red,0,1600,3,0,1,1,1,1,0,0,0,1,1,1,1,0,1,0,0,0,577,11710
49,34890,97,69,1025,3,0,Blue,0,1400,3,1,1,1,1,0,0,1,1,0,0,1,0,0,1,0,0,0,578,9980
56,33998,110,85,1080,12,0,Green,0,1600,5,1,0,1,0,1,0,0,1,1,0,1,1,0,0,0,0,0,581,11950
49,31999,97,69,1030,3,0,Black,0,1400,3,0,1,1,1,1,0,1,0,1,1,1,1,0,1,0,0,0,584,11930
52,31579,97,69,1025,3,0,Red,0,1400,3,0,1,1,1,1,0,1,1,1,0,1,0,0,1,0,0,1,585,10500
56,31000,97,69,1025,6,0,Red,0,1400,3,0,1,0,0,0,0,0,0,0,0,1,0,0,0,0,0,0,586,8950
46,30806,97,85,1060,3,1,Red,0,1400,5,1,1,1,1,0,0,1,0,0,0,1,0,0,1,0,0,0,587,10450
55,30461,86,69,1050,3,1,Blue,0,1300,5,1,1,1,1,0,0,0,0,0,0,1,0,0,1,0,0,1,588,10500
50,29686,110,85,1075,3,1,Green,1,1600,3,1,1,1,1,1,0,1,1,1,1,1,1,0,1,1,0,1,589,12950
55,29650,86,69,1025,3,0,Red,0,1300,3,0,1,1,1,1,0,0,0,1,1,1,1,1,1,0,0,1,590,9950
48,28656,97,19,1085,3,0,Red,0,1400,3,0,1,1,0,1,1,0,0,0,0,1,0,0,0,0,0,0,592,9950
55,27500,97,69,1025,3,1,Grey,0,1400,3,1,1,1,1,0,0,1,0,0,0,1,0,0,1,0,0,0,593,9950
48,26938,110,69,1040,12,1,Blue,0,1600,3,0,1,1,1,0,0,1,1,1,1,1,0,0,0,0,0,0,594,10950
47,26221,97,69,1025,3,1,Blue,0,1400,3,0,1,1,1,0,0,1,0,0,1,1,0,0,1,0,0,1,596,9950
50,22648,97,85,1060,3,1,Grey,0,1400,5,0,1,1,0,0,0,0,0,1,1,1,0,0,0,0,0,1,597,10950
56,19313,97,69,1025,3,0,Grey,0,1400,3,0,1,1,1,0,0,0,0,0,0,1,0,0,1,0,0,0,599,10500
50,17619,110,69,1030,3,0,Green,0,1600,4,0,0,0,0,0,0,0,0,0,0,0,0,0,0,0,0,0,600,10450
51,17069,97,69,1025,3,1,Green,0,1400,3,0,1,1,1,0,0,0,1,0,0,1,0,0,1,0,0,0,601,10600
50,10210,97,85,1065,3,0,Grey,0,1400,5,0,1,1,1,1,0,1,0,1,1,1,1,0,1,0,0,0,603,12950
47,5309,110,85,1070,3,1,Green,1,1600,3,0,1,1,1,1,0,1,0,0,0,1,0,0,1,0,1,1,604,11250
52,31000,97,69,1025,3,0,Grey,0,1300,3,0,1,1,0,0,0,1,0,0,0,0,0,0,0,1,0,1,606,8950
58,205000,72,185,1100,3,1,Silver,0,1300,4,0,1,1,1,0,0,0,0,0,0,1,0,0,1,0,0,0,607,6950
68,204250,72,185,1115,3,0,Black,0,1300,3,0,1,1,1,0,0,0,0,1,1,1,0,1,1,0,0,0,608,7900
59,190900,72,185,1115,3,1,Grey,0,1300,3,0,1,1,1,1,0,0,0,0,0,1,0,1,1,0,0,0,610,7500
62,183500,72,185,1140,3,1,Silver,0,1300,5,0,1,1,1,1,0,0,0,1,1,1,1,0,1,1,0,0,611,7500
65,176184,72,185,1115,3,1,Grey,0,1300,3,0,1,1,1,1,0,0,0,0,0,1,0,0,1,0,0,0,612,6900
67,155500,110,69,1050,6,1,Violet,0,1600,5,0,1,1,0,0,0,0,0,1,1,1,0,0,0,1,0,1,615,7950
64,154462,72,185,1135,3,1,Green,0,1300,5,0,1,1,1,1,0,0,0,0,0,1,0,0,1,0,0,0,617,7950
64,150585,110,85,1065,3,1,Blue,0,1600,3,0,1,1,1,1,0,0,0,1,1,1,1,1,1,1,0,0,618,8250
67,149000,90,64,1135,3,1,Blue,0,1300,5,0,1,1,1,0,0,0,0,1,1,1,1,0,0,0,0,0,619,6250
62,147636,72,185,1135,3,0,White,0,1300,5,0,1,1,1,1,0,0,0,0,0,1,0,0,1,0,0,0,620,9500
59,144521,72,64,1135,3,1,Grey,0,1300,5,0,1,1,0,0,0,0,0,0,0,1,0,0,0,0,0,0,621,6900
68,140000,110,85,1085,3,1,Black,0,1600,5,0,1,1,1,1,0,0,0,1,0,1,0,1,1,0,0,1,624,8950
59,137050,110,197,1078,3,1,Red,0,1600,3,0,1,1,1,0,0,0,1,1,0,1,0,1,1,0,0,1,626,8950
61,136956,110,85,1065,3,0,Red,0,1600,3,0,1,1,1,1,0,0,0,1,1,1,1,1,1,1,0,0,627,8750
67,135337,110,197,1120,3,1,Red,0,1600,5,0,1,1,1,1,0,0,1,1,1,1,1,0,1,1,0,0,628,7950
64,133769,72,185,1120,3,1,Green,0,1300,3,0,0,1,0,1,0,0,0,1,1,1,1,0,1,0,0,1,629,8950
58,133405,72,185,1135,3,1,Blue,0,1300,5,0,1,1,1,0,0,0,0,1,1,1,0,1,1,0,0,0,630,8950
65,132807,72,185,1135,3,1,Green,0,1300,5,1,1,1,1,1,0,0,0,0,0,1,0,1,1,0,0,0,631,8950
64,132393,72,185,1135,3,0,Red,0,1300,5,0,1,1,1,0,0,0,0,0,0,1,0,1,1,0,0,0,632,7950
67,127000,72,185,1135,3,1,Red,0,1300,5,1,1,1,1,0,0,0,0,0,0,1,0,1,1,0,0,1,635,8950
67,126800,72,185,1135,3,0,Black,0,1300,5,0,1,1,1,1,0,0,0,0,0,1,0,0,1,0,0,1,636,9800
66,126452,110,85,1085,3,1,Green,0,1600,5,1,1,1,1,0,0,0,0,0,0,1,0,1,1,0,0,0,637,9450
62,125175,116,185,1150,3,0,Red,0,1300,5,0,1,1,1,0,0,0,0,1,0,1,0,0,0,0,0,0,638,8950
68,125000,72,185,1115,3,1,Green,0,1300,3,0,1,1,1,0,0,0,1,0,0,1,0,1,1,0,0,0,639,8750
61,123000,72,185,1135,3,0,Blue,0,1300,5,1,1,1,1,0,0,0,0,0,0,1,0,1,1,0,0,0,640,10500
59,121626,86,69,1050,3,0,Red,0,1300,5,0,1,1,1,0,0,0,0,0,0,1,0,1,1,0,0,0,641,7995
64,120400,110,85,1090,3,0,Black,0,1600,5,0,1,1,1,1,0,0,0,1,1,1,1,0,1,0,0,0,642,10450
68,119541,110,85,1055,3,0,Red,0,1600,3,0,1,1,1,1,0,0,0,1,1,1,1,0,1,0,0,0,644,9950
68,119289,110,69,1035,3,1,Silver,0,1600,4,1,1,1,1,0,0,0,0,1,1,1,0,0,0,0,0,0,646,7950
64,118000,72,185,1150,3,1,Grey,0,1300,5,0,1,1,1,1,0,0,0,0,0,1,0,1,1,0,0,1,648,9950
65,117609,86,69,1015,3,0,Silver,0,1300,3,0,1,1,1,0,0,0,0,0,0,1,0,1,1,0,0,0,650,7250
68,117000,72,185,1115,3,0,Silver,0,1300,3,0,1,1,1,0,0,0,0,0,0,1,0,1,1,0,0,0,651,6950
64,116000,86,69,1045,3,0,Black,0,1300,5,0,1,1,1,0,0,0,0,1,1,1,1,1,1,0,0,0,652,8000
58,115715,110,85,1070,3,0,Blue,0,1600,5,0,1,1,1,0,0,0,0,0,0,1,0,0,1,0,0,0,653,9950
68,115071,110,85,1055,3,1,Black,0,1600,3,0,1,1,1,1,0,0,1,1,1,1,1,0,1,0,0,1,655,7950
64,114846,110,85,1075,3,1,Green,0,1600,5,1,1,1,1,1,0,0,0,1,1,1,1,0,1,1,0,0,657,9950
65,114383,90,64,1260,3,0,White,0,1300,3,0,1,0,0,0,0,0,0,0,0,1,0,0,0,0,0,0,658,6950
59,113700,110,19,1065,12,1,Green,0,1600,5,1,1,1,0,0,0,0,0,0,0,1,0,0,0,0,0,1,659,8250
67,113118,86,69,1020,3,1,Black,0,1300,3,1,1,1,1,1,0,0,0,1,1,1,1,0,1,0,0,1,660,9950
59,112827,86,69,1040,3,1,Blue,0,1300,5,0,1,1,1,1,0,0,0,1,1,1,1,0,1,1,0,0,661,8250
68,112116,110,85,1070,3,1,Green,0,1600,5,1,1,1,1,0,0,0,0,1,1,1,0,1,1,0,0,0,662,9950
66,112000,110,85,1065,3,1,Black,0,1600,3,1,1,1,1,1,0,0,0,1,1,1,1,1,1,1,0,0,663,10500
62,112000,72,64,1135,3,0,Grey,0,1300,4,0,1,1,0,0,0,0,0,0,0,1,0,0,0,0,0,0,664,7950
65,111769,110,85,1065,3,0,Red,0,1600,3,1,1,1,1,1,0,0,0,1,1,1,1,1,1,1,0,0,665,9750
61,110853,110,85,1070,3,1,Grey,0,1600,5,0,1,1,1,0,0,0,0,0,0,1,0,1,1,0,0,0,666,9250
68,110287,110,69,1050,3,1,Black,0,1600,3,0,0,1,0,0,0,0,0,0,0,1,0,0,0,0,0,0,667,9500
63,109230,110,69,1050,3,0,Grey,0,1600,3,1,1,1,1,0,0,0,0,0,0,1,0,1,1,0,0,0,669,7750
64,106784,110,19,1050,12,0,Blue,1,1600,3,0,1,1,0,1,1,0,0,1,1,1,1,0,0,1,0,0,672,9750
58,105942,86,69,1040,3,0,Red,0,1300,5,1,1,1,1,1,0,0,1,1,1,1,1,0,1,1,0,0,673,9750
59,105000,86,19,1015,3,1,Silver,0,1300,3,0,1,1,1,0,0,0,0,1,1,1,0,0,0,1,0,0,674,5950
68,104299,110,85,1085,3,1,Grey,0,1600,5,0,1,1,1,0,0,0,0,0,0,1,0,1,1,0,0,0,676,8495
68,104000,86,19,1015,6,1,Green,0,1300,3,0,0,1,0,0,0,0,0,0,0,1,0,0,0,0,0,1,678,6900
63,102807,86,85,1055,3,0,Black,0,1300,5,0,1,1,1,1,0,0,0,1,1,1,1,0,1,0,0,0,681,9250
68,102494,110,85,1090,3,0,Red,0,1600,5,1,1,1,1,1,0,0,0,1,1,1,1,0,1,0,0,1,682,9895
61,102106,110,69,1050,3,0,Blue,0,1600,3,0,1,1,1,1,0,0,0,1,1,1,0,1,1,0,0,0,684,7950
68,101889,110,85,1075,3,1,Green,0,1600,5,1,1,1,1,1,0,0,0,1,1,1,1,0,1,0,0,0,685,8750
57,101791,72,185,1115,3,0,Green,0,1300,3,0,1,1,1,0,0,0,0,0,0,1,0,1,1,0,0,0,686,8250
68,101001,110,85,1075,3,0,Red,0,1600,5,1,1,1,1,1,0,0,0,1,1,1,1,0,1,1,0,0,688,8950
61,100748,110,85,1070,3,0,Red,0,1600,5,0,1,1,1,0,0,0,0,1,1,1,0,1,1,0,0,1,689,8950
65,100550,110,85,1075,3,1,Red,0,1600,5,0,1,1,1,1,0,0,0,1,1,1,1,0,1,1,0,1,690,8950
67,99781,110,85,1085,3,1,Grey,0,1600,5,0,1,1,1,0,0,0,0,0,0,1,0,1,1,0,0,0,691,9450
59,98658,86,69,1020,3,1,Silver,0,1300,3,0,1,1,1,1,0,0,0,1,1,1,1,0,1,0,0,0,692,8950
65,98500,110,85,1075,3,1,Grey,0,1600,5,0,1,1,1,1,0,0,0,1,1,1,1,0,1,1,0,0,693,9250
61,97648,110,85,1065,3,1,Beige,0,1600,3,1,1,1,1,1,0,1,0,1,1,1,1,1,1,1,0,1,695,9950
61,97425,110,85,1075,3,1,Black,0,1600,5,0,1,1,1,1,0,0,0,1,1,1,1,0,1,1,0,1,696,9950
66,97046,86,69,1000,3,1,Grey,0,1300,4,0,1,1,1,0,0,0,0,1,1,1,0,0,0,0,0,0,698,8950
60,96000,72,185,1100,3,0,Red,0,1300,4,0,1,1,1,0,0,0,0,0,0,1,0,0,0,0,0,0,700,12250
61,95147,110,85,1050,6,1,Silver,0,1600,3,0,0,1,0,1,0,0,0,1,1,1,0,0,0,0,0,1,702,10250
68,95000,110,69,1050,3,0,Red,0,1600,3,1,1,1,1,0,0,0,0,0,0,1,0,0,1,0,0,1,703,8950
66,94606,110,85,1065,6,0,Black,0,1600,3,0,1,1,0,1,0,0,0,1,1,1,0,0,0,0,0,0,705,9900
63,94504,86,69,1000,3,1,Red,0,1300,4,1,1,1,1,0,0,0,0,0,0,1,0,0,0,0,0,0,706,8250
65,93428,110,85,1075,3,1,Green,0,1600,5,0,1,1,1,1,0,0,0,1,1,1,1,0,1,1,0,1,707,10500
65,93408,86,69,1015,3,0,Blue,0,1300,3,0,1,1,1,0,0,0,0,0,0,1,0,1,1,0,0,0,708,8450
62,93098,110,85,1075,3,1,Red,0,1600,5,1,1,1,1,1,0,0,0,1,1,1,1,0,1,1,0,0,710,10500
67,92922,72,185,1100,3,1,Green,0,1300,4,0,1,1,1,1,0,0,0,0,0,1,0,0,0,0,0,0,711,8500
65,92226,110,85,1065,3,0,Red,0,1600,3,0,1,1,1,1,0,0,0,1,1,1,1,1,1,1,0,0,713,9450
65,91246,86,69,1015,3,1,Silver,0,1300,3,0,1,1,1,0,0,0,0,0,0,1,0,1,1,0,0,0,716,8750
68,90727,110,69,1050,3,0,Red,0,1600,3,1,1,1,1,0,0,0,0,1,1,1,0,1,1,0,0,0,718,8450
62,90000,110,69,1050,3,0,Red,0,1600,3,0,1,1,1,0,0,0,0,0,0,1,0,1,1,0,0,0,719,8490
60,89576,110,69,1035,12,0,Red,0,1600,4,0,0,0,0,1,0,0,0,0,0,0,0,0,0,0,0,1,720,8750
64,89145,86,69,1025,3,1,Blue,0,1300,3,0,1,1,1,1,0,0,1,1,1,1,1,1,1,1,0,0,721,9750
68,88807,110,69,1050,3,0,Red,0,1600,3,0,1,1,1,0,0,0,0,1,1,1,0,0,1,1,0,1,723,8500
63,88685,110,85,1070,3,0,Grey,0,1600,5,1,1,1,1,0,0,0,0,0,0,1,0,1,1,0,0,0,724,8450
57,88480,110,69,1050,3,1,Green,0,1600,3,1,1,1,1,1,0,0,0,0,0,1,0,1,1,0,0,0,726,8750
62,88000,86,69,1020,3,0,Blue,0,1300,3,0,1,1,1,1,0,0,0,1,1,1,1,0,1,0,0,1,728,6900
65,87821,86,69,1015,3,1,Grey,0,1300,3,1,1,1,1,0,0,0,0,0,0,1,0,0,1,1,0,0,729,8150
59,86871,86,69,1040,3,1,Black,0,1300,5,0,0,1,1,1,0,0,0,1,1,1,1,0,1,1,0,0,732,9500
68,86714,110,69,1035,3,1,Silver,0,1600,4,1,1,1,1,1,0,0,0,0,0,1,0,0,0,0,0,1,733,8950
65,85889,110,85,1065,12,0,Red,0,1600,3,0,1,1,0,1,0,0,0,1,1,1,0,0,0,1,0,1,734,11500
60,85000,86,69,1025,3,1,Black,0,1300,3,1,1,1,1,1,0,0,1,1,1,1,1,1,1,1,0,0,736,10500
68,84976,110,69,1035,3,1,Silver,0,1600,4,1,1,1,1,0,0,0,0,1,1,1,0,0,1,0,0,1,737,9250
65,84558,110,19,1120,12,1,Silver,0,1600,5,0,1,1,0,1,0,0,0,1,1,1,0,0,0,0,0,0,738,10950
68,84482,110,85,1075,3,1,Grey,0,1600,5,0,1,1,1,1,0,0,0,1,1,1,1,0,1,1,0,1,740,9250
62,83908,110,85,1070,3,1,Grey,0,1600,5,0,1,1,1,0,0,0,0,0,0,1,0,1,1,0,0,0,741,8750
68,83000,107,85,1100,3,1,Grey,1,1600,5,1,1,1,1,0,0,0,0,0,0,1,0,1,1,0,0,0,743,9800
62,82421,110,85,1065,3,1,Black,0,1600,3,0,1,1,1,1,0,1,0,1,1,1,1,1,1,1,0,1,745,10450
58,82254,110,69,1050,12,0,Red,0,1600,5,0,1,1,0,0,0,0,0,1,1,1,0,0,0,0,0,1,746,9750
61,82115,110,85,1055,3,1,Red,0,1600,3,0,0,1,0,1,0,0,0,1,1,1,0,0,0,0,0,1,747,8950
65,82000,86,69,1015,3,1,Blue,0,1300,3,0,1,1,1,0,0,0,0,0,0,1,0,0,1,0,0,1,748,7450
68,81965,86,69,1035,3,1,Black,0,1300,5,1,1,1,1,0,0,0,0,0,0,1,0,0,1,0,0,0,749,8450
65,81192,110,85,1065,3,1,Black,0,1600,3,1,1,1,1,1,0,0,0,1,1,1,1,1,1,1,0,0,751,10950
61,81170,110,69,1040,3,1,Silver,0,1600,4,1,1,1,1,1,0,0,0,1,1,1,1,0,1,0,0,1,752,8950
66,81083,86,69,1015,3,0,Red,0,1300,3,1,1,1,1,0,0,0,0,0,0,1,0,1,1,0,0,0,753,8750
61,80714,110,85,1075,12,1,Black,0,1600,5,1,0,1,0,0,0,0,0,1,0,0,0,0,0,0,0,0,754,10450
57,80470,110,85,1085,3,0,Red,0,1600,5,1,1,1,1,0,0,0,0,1,0,1,0,1,1,0,0,0,755,10950
65,80439,110,69,1035,3,1,Green,0,1600,4,0,1,1,1,1,0,0,0,1,1,1,0,0,0,0,0,0,756,8450
68,80426,110,85,1055,3,1,Green,0,1600,3,1,1,1,1,0,0,0,0,1,1,1,1,0,1,0,0,0,758,9950
62,80265,86,69,1015,3,0,Red,0,1300,3,1,0,1,1,0,0,0,0,0,0,0,0,0,0,0,0,1,759,8750
65,80153,110,85,1070,3,0,Green,0,1600,5,1,1,1,1,1,0,0,0,0,0,1,0,1,1,0,0,1,760,9950
68,80121,110,85,1070,3,0,Red,0,1600,5,1,1,1,1,1,0,0,0,1,1,1,0,1,1,0,0,1,761,9500
62,80000,110,85,1075,3,0,Grey,0,1600,5,0,1,1,1,1,0,0,0,1,1,1,1,0,1,1,0,0,763,10950
60,80000,86,19,1015,3,0,Green,0,1300,5,0,1,1,0,0,0,0,0,0,0,1,0,0,0,0,0,0,764,7950
67,79858,110,69,1040,3,1,Green,0,1600,4,1,1,1,1,1,0,0,0,1,1,1,1,0,1,0,0,0,766,9895
67,79762,86,69,1015,3,1,Grey,0,1300,3,0,1,1,1,0,0,0,0,1,1,1,0,0,1,0,0,0,767,9130
59,79660,86,85,1065,3,0,Green,1,1300,5,1,1,1,1,0,0,0,0,0,0,1,0,1,1,0,0,0,768,10950
60,79150,110,85,1075,3,1,Green,0,1600,5,1,1,1,1,1,0,0,0,1,1,1,1,0,1,1,0,1,769,10500
61,79000,110,69,1050,3,1,Green,0,1600,3,1,1,1,1,1,0,0,0,1,1,1,0,0,1,0,0,1,770,8900
57,78955,86,69,1045,3,1,Silver,0,1300,5,1,1,1,1,1,0,0,0,1,1,1,1,1,1,1,0,0,771,9500
68,78521,86,69,1015,3,0,Green,0,1300,3,0,1,1,1,0,0,0,0,0,0,1,0,1,1,0,0,0,773,7950
64,78356,86,69,1015,3,1,Silver,0,1300,3,1,1,1,1,0,0,0,0,0,0,1,0,1,1,0,0,1,774,7950
65,78076,86,69,1015,3,1,Grey,0,1300,3,1,1,1,1,0,0,0,0,0,0,1,0,0,1,0,0,0,775,7950
67,77821,110,85,1075,3,1,Green,0,1600,5,1,1,1,1,1,0,0,0,1,1,1,1,0,1,1,0,1,777,10950
65,77500,110,69,1050,3,1,Blue,0,1600,3,1,1,1,1,0,0,0,0,0,0,1,0,1,1,0,0,0,779,9750
63,77457,110,85,1055,3,1,Black,0,1600,3,1,1,1,1,1,0,0,1,1,1,1,1,0,1,0,0,0,780,9450
68,77029,86,69,1015,3,1,Black,0,1300,3,0,1,1,1,0,0,0,0,0,1,1,0,0,1,0,0,0,781,8950
66,76791,110,85,1070,3,1,Grey,0,1600,5,0,1,1,1,0,0,0,0,1,1,1,0,1,1,0,0,0,783,8900
61,76700,86,69,1035,3,1,Red,0,1300,5,0,1,1,1,0,0,0,0,0,0,1,0,1,1,0,0,0,784,9950
59,76162,110,85,1075,3,1,Green,0,1600,5,0,1,1,1,1,0,0,0,1,1,1,1,0,1,1,0,0,786,8950
67,75429,110,85,1065,3,1,Black,0,1600,3,1,1,1,1,1,0,0,0,1,1,1,1,1,1,1,0,0,790,9950
65,75000,86,19,1015,3,0,Black,0,1300,3,0,1,1,0,0,0,0,0,1,1,1,0,0,0,1,0,0,792,8950
62,75000,110,85,1070,3,1,Blue,0,1600,5,0,1,1,1,0,0,0,0,0,0,1,0,0,1,0,0,1,793,8950
68,74889,86,69,1015,3,1,Black,0,1300,3,1,1,1,1,0,0,0,0,0,0,1,0,1,1,1,0,0,795,7950
68,74875,110,85,1070,3,0,Red,0,1600,5,0,0,1,0,1,0,0,0,0,0,1,0,0,1,0,0,0,796,7750
63,74747,110,85,1075,3,1,Green,0,1600,5,0,1,1,1,1,0,0,0,1,1,1,1,0,1,0,0,0,797,8950
62,74457,110,85,1075,3,0,Green,0,1600,5,0,1,1,1,1,0,0,0,1,1,1,1,0,1,1,0,0,799,8950
60,74337,86,69,1035,3,0,Blue,0,1300,5,0,1,1,1,0,0,0,0,0,0,1,0,1,1,0,0,0,800,11950
64,74193,110,69,1050,12,0,Silver,0,1600,3,1,1,1,0,0,0,0,0,0,0,1,0,0,0,0,0,1,802,9950
65,74179,110,69,1050,3,1,Red,0,1600,3,0,1,1,1,0,0,0,0,0,0,1,0,0,1,0,0,0,803,8250
67,73936,86,69,1050,3,1,Green,0,1300,5,0,1,1,1,0,0,0,0,1,1,1,0,1,1,0,0,0,804,8995
64,73500,110,69,1050,3,1,Blue,0,1600,3,0,1,1,1,0,0,0,0,0,0,1,0,0,1,0,0,0,806,9250
64,73300,86,69,1015,3,1,Blue,0,1300,3,0,0,1,0,0,0,0,0,0,1,1,0,0,0,1,0,0,808,8900
58,73172,110,85,1075,3,1,Green,0,1600,5,0,1,1,1,1,0,0,0,1,1,1,1,0,1,1,0,0,809,9500
58,72928,110,85,1075,3,1,Green,0,1600,5,1,1,1,1,1,0,0,0,1,1,1,1,0,1,1,0,0,810,9950
63,72522,110,69,1050,3,1,Green,0,1600,3,0,1,1,1,0,0,0,0,1,1,1,0,0,1,0,0,1,812,8250
64,72000,86,69,1015,3,1,Green,0,1300,3,0,1,1,1,0,0,0,0,0,0,1,0,1,1,0,0,0,813,9450
57,72000,86,69,1015,3,0,Red,0,1300,3,1,1,1,0,0,0,0,0,1,1,1,0,0,1,0,0,0,814,7950
65,71317,110,69,1050,3,0,Blue,0,1600,3,0,1,1,1,0,0,0,0,0,0,1,0,1,1,0,0,0,816,8950
62,71000,110,85,1070,12,0,Black,0,1600,5,0,1,1,0,0,0,0,0,1,1,1,0,0,0,0,0,1,817,10950
58,70560,110,69,1050,3,1,Blue,0,1600,3,0,0,1,0,0,0,0,0,1,1,1,0,1,1,0,0,0,820,8000
62,70500,110,69,1035,12,1,Blue,0,1600,5,1,1,1,0,0,0,0,0,1,1,1,0,0,0,0,0,1,822,8950
60,70453,72,185,1135,3,0,Red,0,1300,5,0,1,1,1,0,0,0,0,0,0,1,0,0,1,0,0,0,823,10900
59,70218,110,69,1050,3,1,Green,0,1600,3,1,1,1,0,0,0,0,0,1,1,1,0,0,1,0,0,1,824,9450
64,70116,110,69,1035,3,1,Red,0,1600,4,1,1,1,1,0,0,0,0,0,0,1,0,0,0,0,0,1,825,8450
65,70068,110,85,1075,3,1,Green,0,1600,5,1,1,1,1,1,0,0,0,1,1,1,1,0,1,1,0,1,826,9500
68,70000,86,69,1015,3,1,Blue,0,1300,3,0,1,1,0,0,0,0,0,1,1,1,0,0,0,0,0,0,828,6950
68,69103,110,69,1035,3,0,Red,0,1600,4,1,1,1,1,0,0,0,0,0,0,1,0,0,0,0,0,0,829,9750
68,68865,110,85,1065,3,1,Black,0,1600,3,0,1,1,1,1,0,0,0,1,1,1,1,1,1,1,0,0,832,9950
58,68723,86,69,1025,3,0,Red,0,1300,3,0,1,1,1,1,0,0,0,1,1,1,1,1,1,1,0,0,833,9250
63,68238,86,69,1050,3,0,Red,0,1300,5,1,1,1,1,0,0,0,0,0,0,1,0,0,1,0,0,0,835,9900
63,68153,110,85,1085,3,1,Black,0,1600,5,1,1,1,1,0,0,0,1,0,1,1,0,0,1,0,0,0,836,10995
65,68000,110,85,1075,6,0,Red,0,1600,5,0,1,0,0,1,0,0,0,1,1,1,0,0,0,0,0,0,837,10500
67,67762,110,85,1065,3,1,Black,0,1600,3,0,1,1,1,0,0,0,0,1,1,1,1,1,1,1,0,0,839,9750
68,67146,110,85,1075,3,1,Silver,0,1600,5,0,1,1,1,1,0,0,0,1,1,1,1,0,1,1,0,1,840,10950
67,67110,86,69,1035,3,1,Grey,0,1300,5,0,1,1,1,0,0,0,0,0,0,1,0,0,1,0,0,1,841,9750
59,67010,110,85,1065,3,1,Blue,0,1600,3,1,1,1,1,1,0,0,0,1,1,1,1,0,1,1,0,1,842,9950
65,67003,110,69,1035,3,1,Red,0,1600,4,1,1,1,1,1,0,0,0,0,0,1,0,0,1,0,0,0,843,10500
68,66550,86,69,1010,3,0,Red,0,1300,3,0,0,1,1,0,0,0,0,0,0,1,0,0,0,0,0,1,845,8800
62,66082,110,85,1070,3,0,Green,0,1600,5,0,1,1,1,0,0,0,0,0,0,1,0,1,1,0,0,0,847,9250
61,66000,110,69,1050,3,0,Red,0,1600,3,0,1,1,1,1,0,0,0,0,0,1,0,1,1,1,0,0,849,9950
63,65896,110,85,1065,3,1,Red,0,1600,3,1,1,1,1,1,0,0,0,1,1,1,1,1,1,1,0,0,850,10750
67,65785,110,85,1075,3,1,Grey,0,1600,5,0,1,1,1,1,0,0,0,1,1,1,1,0,1,0,0,0,851,10950
65,65513,110,85,1070,3,1,Grey,1,1600,4,0,1,1,1,1,0,0,0,1,1,1,1,0,1,0,0,0,852,9950
59,65463,110,85,1070,3,1,Green,0,1600,5,0,1,1,1,1,0,0,0,1,1,1,0,0,1,0,0,0,853,9950
68,65400,86,69,1000,3,1,Blue,0,1300,4,0,1,1,0,0,0,0,0,1,1,1,0,0,0,0,0,1,854,8100
60,65259,110,69,1050,3,1,Silver,0,1600,3,1,1,1,1,0,0,0,1,0,0,1,0,1,1,0,0,1,855,9250
64,65000,110,69,1050,3,1,Blue,0,1600,3,1,1,1,1,0,0,0,0,0,0,1,0,1,1,0,0,1,856,7800
68,65000,110,85,1070,3,0,Red,0,1600,5,0,1,1,1,1,0,0,0,1,1,1,0,0,1,0,0,0,857,9000
57,65000,110,69,1035,3,0,Red,0,1600,4,0,1,1,1,0,0,0,0,0,0,1,0,0,0,0,0,0,858,8950
62,64966,86,69,1020,3,0,Grey,0,1300,3,0,1,1,0,1,0,0,0,0,0,0,0,0,0,0,0,0,859,8950
68,64950,110,85,1075,3,1,Green,0,1600,5,0,1,1,1,1,0,0,0,1,1,1,1,0,1,0,0,1,860,9950
65,64772,110,69,1050,3,1,Grey,0,1600,3,0,1,1,1,0,0,0,0,0,0,1,0,0,1,0,0,0,863,8750
63,64690,86,69,1020,3,0,Red,0,1300,3,1,0,0,0,1,0,0,1,1,1,0,1,0,0,0,0,0,864,9750
65,64630,110,85,1070,6,0,Silver,0,1600,5,0,0,0,0,1,0,0,0,0,0,0,0,0,0,0,0,0,865,10950
67,64613,110,85,1085,3,1,Red,0,1600,5,1,1,1,1,1,0,0,0,0,0,1,0,1,1,1,0,1,866,9750
60,64383,86,69,1015,3,0,Red,0,1300,3,1,1,1,1,0,0,0,0,0,0,1,0,0,1,0,0,0,867,8200
66,63881,86,69,1015,3,0,Grey,0,1300,3,0,1,1,1,0,0,0,0,0,0,1,0,1,1,0,0,0,869,9500
58,63870,72,185,1135,3,0,Grey,0,1300,5,0,1,1,1,0,0,0,0,0,0,1,0,0,1,0,0,0,870,10950
66,63328,86,85,1065,3,0,Red,1,1300,5,0,1,1,1,0,0,0,0,0,0,1,0,0,1,0,0,0,871,9750
61,63000,86,69,1050,3,0,Green,1,1300,3,0,1,1,1,1,0,0,0,1,1,1,1,0,1,0,0,0,873,10450
65,62396,110,69,1050,3,0,White,0,1600,3,0,1,1,1,0,0,0,0,0,0,1,0,1,1,1,0,0,874,9850
62,62377,110,85,1075,3,1,Grey,0,1600,5,0,1,1,1,1,0,0,0,1,1,1,1,0,1,1,0,0,875,9450
65,62225,110,69,1050,12,1,Green,0,1600,3,0,1,1,0,0,0,0,0,0,0,1,0,0,0,0,0,1,878,8950
68,62222,110,85,1075,3,0,Green,0,1600,5,0,1,1,1,1,0,0,0,1,1,1,1,0,1,0,0,0,879,9900
58,62024,110,85,1075,3,1,Black,0,1600,5,0,1,1,1,1,0,0,0,1,1,1,1,0,1,1,0,0,881,9950
62,61930,110,69,1035,3,1,Red,0,1600,4,1,1,1,1,0,0,0,0,1,1,1,0,0,0,0,0,0,883,9950
57,61682,110,69,1050,3,0,Blue,0,1600,3,1,1,1,1,1,0,0,0,1,1,1,0,0,1,1,0,0,884,10950
68,61568,110,69,1035,3,1,Silver,0,1600,4,1,1,1,1,0,0,0,0,0,0,1,0,0,0,0,0,1,885,9795
65,61384,110,69,1050,12,1,Black,0,1600,3,0,0,1,0,0,0,0,0,0,0,1,0,0,0,1,0,0,887,8250
58,61343,110,85,1075,3,1,Grey,0,1600,5,0,1,1,1,1,0,0,0,1,1,1,1,0,1,1,0,1,888,9950
59,61166,110,69,1050,3,1,Red,0,1600,3,0,1,1,0,1,0,0,0,1,1,1,0,0,1,1,0,0,890,10500
62,61149,86,69,1040,3,1,Black,0,1300,5,1,1,1,1,1,0,0,0,1,1,1,1,0,1,1,0,1,891,9750
61,61144,110,85,1090,3,1,Silver,0,1600,5,1,1,1,1,1,0,0,0,1,1,1,1,0,1,1,0,0,892,11250
59,61127,110,69,1050,3,1,Grey,0,1600,3,1,1,1,1,0,0,0,0,1,0,1,0,1,1,0,0,1,893,8900
60,61100,86,69,1015,3,1,Blue,0,1300,3,0,1,1,1,0,0,0,0,0,0,1,0,1,1,0,0,0,894,7950
68,61100,110,85,1075,3,1,Green,0,1600,5,0,1,1,1,1,0,0,0,1,1,1,1,0,1,0,0,1,895,11500
57,61000,110,69,1050,3,1,Green,0,1600,3,1,1,1,1,0,0,0,0,0,0,1,0,1,1,0,0,0,896,9450
59,60708,86,69,1045,3,1,Grey,0,1300,5,0,1,1,1,1,0,0,0,1,1,1,1,1,1,0,0,0,898,10995
67,60000,86,69,1030,3,0,Grey,1,1300,4,0,1,1,1,0,0,0,0,0,0,1,0,0,0,0,0,0,900,8250
66,60000,86,69,1015,3,1,Blue,0,1300,3,1,1,1,1,0,0,0,0,0,0,1,0,1,1,0,0,0,901,8950
65,60000,86,69,1015,3,1,Silver,0,1300,3,1,1,1,1,0,0,0,0,0,0,1,0,1,1,0,0,0,902,8950
62,59295,86,69,1035,3,0,Red,0,1300,5,1,1,1,1,0,0,0,0,0,0,1,0,1,1,0,0,0,903,9500
65,59264,86,69,1015,3,0,Silver,0,1300,3,0,1,1,1,0,0,0,0,0,1,1,0,1,1,0,0,0,904,7500
63,59000,110,69,1050,3,0,Blue,0,1600,3,1,1,1,1,0,0,0,0,0,0,1,0,1,1,0,0,1,905,8950
63,59000,86,19,1035,12,1,Silver,0,1300,5,1,0,1,0,1,0,0,0,1,1,1,0,0,0,0,0,0,906,9950
61,59000,110,85,1070,3,1,Red,0,1600,5,1,1,1,1,1,0,0,0,0,0,1,0,1,1,0,0,0,908,9450
65,59000,110,69,1050,3,0,Grey,0,1600,3,0,1,1,1,0,0,0,0,0,0,1,0,0,1,0,0,0,909,9950
68,58860,110,85,1055,3,1,Grey,0,1600,3,1,1,1,1,1,0,0,0,1,1,1,1,0,1,0,0,1,910,9750
65,58829,110,69,1050,3,0,Blue,0,1600,3,1,1,1,1,0,0,0,0,0,0,1,0,0,1,0,0,0,911,8950
66,58654,110,85,1070,3,1,Grey,0,1600,5,1,1,1,1,0,0,0,0,0,0,1,0,0,1,0,0,0,912,8250
65,58300,86,69,1015,3,1,Green,0,1300,3,1,1,1,1,0,0,0,0,0,0,1,0,1,1,0,0,0,913,7750
66,58113,107,85,1085,3,1,Black,1,1600,3,1,1,1,1,1,0,0,0,1,1,1,1,0,1,0,0,0,916,9450
67,58058,110,85,1065,3,1,Black,0,1600,3,0,1,1,1,1,0,0,0,1,1,1,1,1,1,1,0,0,917,12950
62,58000,110,85,1065,3,1,Green,0,1600,3,1,1,1,1,1,0,0,0,1,1,1,1,1,1,1,0,1,919,10495
68,57565,86,69,1035,3,1,Green,0,1300,5,0,1,1,1,0,0,0,0,0,0,1,0,1,1,0,0,1,920,7950
63,57413,107,85,1115,3,0,Red,1,1600,5,1,1,1,1,0,0,0,0,0,0,1,0,1,1,0,0,0,921,10500
65,57374,110,85,1075,3,1,Blue,0,1600,5,0,1,1,1,1,0,0,0,1,1,1,1,0,1,1,0,0,922,8950
62,57179,110,85,1075,3,1,Blue,0,1600,5,0,1,1,1,1,0,0,0,1,1,1,1,0,1,1,0,0,923,9900
61,57169,110,85,1065,3,1,Grey,0,1600,3,0,1,1,1,1,0,0,0,1,1,1,1,1,1,1,0,0,924,9995
63,57124,110,85,1065,3,1,Blue,0,1600,3,0,1,1,1,1,0,0,0,1,1,1,1,1,1,1,0,0,925,9950
63,57000,110,69,1050,3,1,Grey,0,1600,3,0,1,1,1,1,0,0,0,0,0,1,0,1,1,0,0,0,926,9950
67,57000,110,69,1050,3,0,Grey,0,1600,3,0,1,1,1,0,0,0,0,0,0,1,0,1,1,0,0,0,927,8250
62,56209,107,85,1080,3,1,Grey,1,1600,3,1,1,1,1,0,0,0,0,1,1,1,0,1,1,1,0,0,930,10950
63,55942,110,85,1070,3,1,Green,0,1600,5,1,1,1,1,1,0,0,0,1,1,1,0,1,1,0,0,0,932,9950
61,55747,86,69,1020,3,0,Blue,0,1300,3,0,1,1,1,1,0,0,0,1,1,1,1,0,1,1,0,0,934,8750
60,55085,107,85,1105,3,0,Blue,1,1600,5,1,1,1,1,1,0,0,0,1,1,1,1,0,1,1,0,1,936,10350
65,55000,86,69,1015,6,1,Silver,0,1300,3,0,0,1,0,0,0,0,0,0,0,0,0,0,0,0,0,0,938,8950
57,55000,110,85,1075,3,0,Black,0,1600,5,0,1,1,1,1,0,0,0,1,1,1,1,0,1,1,0,0,939,10950
68,54875,110,85,1070,3,1,Silver,0,1600,5,1,1,1,1,0,0,0,0,0,0,1,0,1,1,0,0,0,941,8950
67,54847,110,69,1050,3,0,Red,0,1600,3,1,1,1,1,1,0,0,0,1,1,1,0,0,1,0,0,0,942,8900
61,54125,110,69,1035,6,1,Silver,0,1600,5,0,1,1,0,0,0,0,0,1,1,1,0,0,0,0,0,1,944,9450
61,54000,110,85,1055,3,1,Red,0,1600,3,1,1,1,1,1,0,0,0,1,1,1,1,0,1,0,0,1,945,9250
57,54000,110,85,1075,6,1,Black,0,1600,5,0,1,1,0,1,0,0,0,1,0,1,0,0,0,0,0,0,946,10500
58,54000,86,69,1035,3,0,Blue,0,1300,5,0,1,1,1,0,0,0,0,0,0,1,0,1,1,0,0,0,947,7350
62,53285,110,85,1075,3,1,Green,0,1600,5,1,1,1,1,1,0,0,0,1,1,1,1,0,1,0,0,0,949,10250
65,53053,110,85,1075,3,1,Black,0,1600,5,0,1,1,1,1,0,0,1,1,1,1,1,0,1,1,0,0,950,11500
68,53000,110,19,1075,6,1,Green,1,1300,3,0,1,1,0,1,0,0,0,1,1,1,0,0,0,0,0,0,951,8950
68,53000,86,69,1015,3,0,Red,0,1300,3,0,1,1,1,0,0,0,0,0,0,1,0,0,1,0,0,0,952,7750
64,52968,110,69,1050,3,1,Red,0,1600,3,1,1,1,1,0,0,0,0,0,0,1,0,1,1,0,0,1,953,9500
67,52800,86,69,1015,3,1,Black,0,1300,3,0,0,1,0,0,0,0,0,1,1,1,0,1,1,0,0,1,954,8450
60,52487,110,69,1035,3,1,Beige,0,1600,4,0,1,1,1,0,0,0,0,0,0,1,0,0,0,0,0,1,956,8400
66,52383,86,69,1015,3,0,Blue,0,1300,3,0,1,1,1,0,0,0,0,0,0,1,0,1,1,0,0,0,957,9250
61,52112,110,69,1035,6,1,Grey,0,1600,4,0,1,1,1,1,0,0,0,1,1,1,0,0,1,0,0,1,958,8900
58,51712,110,69,1050,3,0,Red,0,1600,3,0,1,1,1,1,0,0,1,1,1,1,0,1,1,1,0,0,959,8750
61,51235,86,69,1000,3,1,Red,0,1300,4,0,1,1,1,0,0,0,0,0,0,1,0,0,0,0,0,1,961,8950
65,51000,86,69,1015,3,1,Grey,0,1300,3,0,0,1,0,0,0,0,0,0,1,1,0,0,0,0,0,0,962,8950
66,50806,86,19,1480,3,0,Green,0,1300,3,0,0,0,0,0,0,0,0,0,0,0,0,0,0,0,0,0,964,9390
61,50173,110,85,1075,3,1,Grey,0,1600,5,0,1,1,1,1,0,0,0,1,1,1,1,0,1,1,0,0,966,9750
65,49942,110,85,1065,3,0,Red,0,1600,3,0,1,1,1,1,0,0,0,1,1,1,1,0,1,1,0,0,968,10950
62,49258,110,69,1035,3,1,Grey,0,1600,4,0,0,1,1,1,0,0,0,0,1,1,0,0,0,0,0,1,970,9500
61,49000,110,69,1050,3,0,Red,0,1600,3,0,1,1,1,1,0,0,0,0,0,1,0,0,1,0,0,0,972,9950
63,48738,110,85,1055,12,0,Blue,0,1600,5,0,1,1,0,1,0,0,0,1,1,1,0,0,0,0,0,1,973,9950
63,47612,86,69,1015,3,0,Blue,0,1300,3,0,1,1,1,0,0,0,0,0,0,1,0,1,1,0,0,0,975,9950
68,47500,86,69,1035,3,1,Green,0,1300,5,1,1,1,1,0,0,0,0,1,1,1,0,0,1,0,0,0,976,10495
66,47237,110,69,1050,12,0,Silver,0,1600,3,0,0,1,0,0,0,0,0,1,1,1,0,0,0,1,0,0,977,9500
58,47171,86,69,1015,3,1,Blue,0,1300,3,1,1,1,1,0,0,0,0,1,1,1,0,0,1,0,0,0,978,8500
65,47014,86,69,1015,3,1,Grey,0,1300,3,0,1,1,1,0,0,0,0,0,0,1,0,0,1,0,0,0,980,8950
59,46929,86,69,1025,3,1,Grey,0,1300,3,1,1,1,1,1,0,0,0,1,1,1,1,1,1,0,0,1,981,9900
63,46000,86,69,1035,3,0,Green,0,1300,5,0,1,1,1,0,0,0,0,0,0,1,0,1,1,0,0,0,982,8900
65,45681,110,69,1050,3,0,Red,0,1600,3,0,1,1,1,0,0,0,0,0,0,1,0,1,1,0,0,0,983,8745
65,45549,86,69,1015,12,1,Blue,0,1300,3,0,0,1,0,0,0,0,0,0,0,1,0,0,0,0,0,0,984,8750
57,45000,110,69,1050,6,1,Black,0,1600,5,0,1,1,0,1,0,0,0,1,1,1,0,0,0,1,0,1,985,10750
65,45000,110,85,1075,3,0,Green,0,1600,5,0,1,1,1,1,0,0,0,1,1,1,1,0,1,1,0,0,987,8850
66,45000,86,69,1035,3,1,Grey,0,1300,5,0,1,1,1,0,0,0,0,0,0,1,0,1,1,0,0,0,988,7950
61,45000,107,85,1085,3,0,Red,1,1600,3,0,1,1,1,1,0,0,0,1,1,1,1,0,1,0,0,1,990,9950
63,44944,110,69,1035,3,1,Green,0,1600,4,0,1,1,1,1,0,0,0,1,1,1,0,0,0,0,0,1,991,8250
61,44597,86,19,1015,3,0,White,0,1300,3,0,1,1,0,0,0,0,0,0,0,1,0,0,0,0,0,0,992,9950
57,43000,110,85,1075,6,0,Green,0,1600,5,0,1,1,0,1,0,0,0,0,0,1,0,0,0,1,0,1,998,9695
64,43000,86,69,1015,3,0,Blue,0,1300,3,0,0,0,0,0,0,0,0,0,0,0,0,0,0,0,0,0,999,7750
68,42750,110,69,1050,3,1,Blue,0,1600,3,0,1,1,1,0,0,0,0,0,0,1,0,0,1,0,0,0,1000,9950
67,42102,110,85,1075,3,1,Silver,0,1600,5,1,1,1,1,1,0,0,0,1,1,1,1,0,1,1,0,0,1001,9950
64,41200,110,85,1070,6,0,Red,0,1600,5,0,0,1,0,0,0,0,0,1,0,1,0,0,0,0,0,0,1003,9900
60,40000,86,69,1000,3,1,Blue,0,1300,4,1,1,1,1,0,0,0,0,0,0,1,0,0,0,0,0,0,1005,8950
66,39222,86,69,1045,3,1,Red,1,1300,3,1,1,1,1,0,0,0,0,0,0,1,0,1,1,0,0,1,1006,8950
66,39144,110,69,1050,3,1,Green,0,1600,3,1,1,1,1,0,0,0,0,1,1,1,0,0,1,0,0,0,1007,8250
61,38019,110,85,1070,3,1,Blue,0,1600,5,1,1,1,1,1,0,0,0,0,0,1,0,1,1,0,0,1,1009,8750
68,37759,110,85,1070,3,1,Blue,0,1600,5,1,1,1,1,0,0,0,0,0,0,1,0,1,1,0,0,0,1010,9750
60,37111,110,69,1050,3,1,Red,0,1600,3,1,1,1,1,0,0,0,0,1,1,1,0,1,1,0,0,1,1012,10950
62,37000,86,69,1015,3,0,Red,0,1300,3,0,1,1,1,0,0,0,0,0,0,1,0,0,1,0,0,1,1013,9750
59,36954,110,69,1050,3,1,Green,0,1600,3,1,1,1,1,0,0,0,0,1,1,1,0,1,1,0,0,1,1014,8900
60,36943,110,85,1070,3,0,Red,0,1600,5,1,1,1,1,0,0,0,0,0,0,1,0,1,1,0,0,1,1015,9500
63,36923,86,69,1050,3,0,Red,0,1300,5,0,1,1,1,0,0,0,0,0,0,1,0,1,1,0,0,0,1016,9950
66,36658,110,69,1050,3,0,Black,0,1600,3,0,1,1,1,1,0,0,0,1,1,1,0,1,1,0,0,1,1017,9950
65,36000,86,69,1015,3,1,Green,0,1300,3,0,1,1,1,0,0,0,0,0,0,1,0,0,1,0,0,0,1018,8250
65,36000,110,85,1065,3,1,Grey,0,1600,3,1,1,1,1,1,0,0,0,1,1,1,1,1,1,1,0,0,1019,10450
68,35000,110,69,1050,3,1,Grey,0,1600,3,1,1,1,1,0,0,0,1,1,0,1,0,1,1,0,0,0,1022,8900
57,35000,86,69,1045,3,1,Blue,0,1300,5,1,1,1,1,1,0,0,0,1,1,1,1,1,1,0,0,0,1023,10900
64,34114,110,69,1050,3,0,Blue,0,1600,3,1,1,1,1,0,0,0,0,0,0,1,0,1,1,0,0,0,1024,9750
68,33847,86,69,1000,3,1,Grey,0,1300,4,1,1,1,1,0,0,0,0,0,0,1,0,0,0,0,0,0,1026,7900
59,32150,110,85,1085,3,1,Blue,0,1600,5,0,1,1,1,1,0,0,1,0,1,1,0,1,1,1,0,1,1029,10950
65,31588,86,69,1015,3,1,Green,0,1300,3,1,0,1,0,0,0,0,0,0,0,1,0,0,1,0,0,0,1030,9950
60,31480,110,85,1065,3,1,Red,0,1600,3,0,1,1,1,1,0,0,0,1,1,1,1,0,1,1,0,0,1031,10750
68,31000,110,69,1035,3,1,Grey,0,1600,4,0,0,1,0,1,0,0,0,1,1,1,0,0,0,0,0,0,1033,10750
58,30634,110,85,1075,3,1,Grey,0,1600,5,1,1,1,1,1,0,0,0,1,1,1,1,0,1,1,0,1,1034,10450
68,30300,86,69,1000,12,1,Red,0,1300,4,1,1,1,0,0,0,0,0,1,1,1,0,0,0,0,0,1,1035,9450
60,28500,86,69,1045,3,1,Grey,1,1300,3,0,1,1,1,0,0,0,0,1,1,1,0,0,1,0,0,0,1036,10750
60,28500,110,85,1075,3,0,Red,0,1600,5,0,1,1,1,1,0,0,0,1,1,1,1,0,1,1,0,0,1037,10950
57,28000,86,69,1015,3,0,Black,0,1300,3,0,1,1,1,0,0,0,0,1,1,1,0,1,1,0,0,0,1038,10000
68,26698,110,85,1055,3,0,Red,0,1600,3,0,1,1,1,1,0,0,0,1,1,1,1,0,1,0,0,0,1039,10500
62,26000,107,85,1085,3,0,Black,1,1600,3,0,1,1,1,1,0,0,0,1,1,1,0,0,1,0,0,0,1040,12500
62,25505,86,69,1035,3,1,Green,0,1300,5,1,1,1,1,0,0,0,0,1,1,1,0,1,1,0,0,1,1041,8950
58,25000,110,85,1075,6,1,Green,0,1600,5,0,1,1,0,0,0,0,0,1,0,1,0,0,0,0,0,0,1042,10500
66,22835,110,69,1050,3,1,Green,0,1600,3,1,1,1,1,0,0,0,0,1,1,1,0,0,1,0,0,0,1043,9245
59,22705,110,85,1075,3,1,Grey,0,1600,5,1,1,1,1,1,0,0,0,1,1,1,1,0,1,1,0,0,1044,10950
63,22178,86,69,1015,3,1,Red,0,1300,3,0,1,1,1,0,0,0,0,1,1,1,0,0,1,0,0,0,1045,9500
62,17345,110,69,1050,3,1,Red,0,1600,3,0,0,1,0,0,0,0,0,1,1,1,0,0,1,0,0,0,1046,10900
66,15110,86,69,1035,3,0,Green,0,1300,5,0,1,1,1,0,0,0,0,0,0,1,0,1,1,0,0,0,1048,9450
73,232940,72,40,1172,3,0,Grey,0,1300,5,0,0,1,0,1,0,0,0,0,0,1,0,0,0,0,0,0,1049,5900
78,217764,72,185,1135,3,1,Green,0,1300,5,1,1,1,1,1,0,0,0,1,0,1,0,0,1,0,0,1,1051,6000
79,207114,110,197,1114,3,1,Black,0,1600,5,0,0,1,1,1,0,0,0,0,0,1,0,0,1,0,0,0,1052,5250
69,197501,72,185,1135,3,0,White,0,1300,5,0,1,1,1,1,0,0,0,1,0,1,0,1,1,1,0,0,1055,8500
80,194765,72,185,1120,3,0,Blue,0,1300,3,0,0,1,0,1,0,0,0,1,1,1,1,0,1,0,0,1,1056,6150
76,191620,72,185,1150,3,0,Black,0,1300,5,0,1,1,1,1,0,0,0,0,0,1,0,1,1,0,0,1,1057,6950
76,183277,72,185,1115,3,0,Black,0,1300,3,0,0,1,0,0,0,0,0,0,0,1,0,0,1,0,0,0,1058,5750
73,176177,110,85,1075,3,1,Silver,0,1600,5,0,1,1,1,1,0,0,0,1,1,1,1,0,1,1,0,1,1061,5950
78,176000,86,69,1035,3,0,Grey,0,1300,5,0,0,1,0,0,0,0,0,1,1,1,0,0,1,0,0,0,1062,6500
77,172980,72,64,1135,3,1,Black,0,1300,5,0,0,1,0,0,0,0,0,0,0,1,0,0,0,0,0,0,1063,10500
77,170000,72,185,1100,3,0,Red,0,1300,4,0,1,1,1,0,0,0,0,0,0,1,0,0,0,0,0,1,1064,8500
71,164000,110,19,1050,3,1,Blue,0,1600,3,0,1,1,0,0,0,0,0,1,1,1,0,0,0,0,0,0,1065,7950
78,161775,86,69,1015,3,1,Black,0,1300,3,0,0,1,0,0,0,0,0,1,1,1,0,1,1,0,0,0,1066,5800
80,160000,86,69,1015,3,0,Blue,0,1300,3,0,1,1,1,0,0,0,0,0,0,1,0,1,1,0,0,0,1067,6750
78,159968,72,185,1115,3,0,Red,0,1300,3,0,1,1,1,0,0,0,0,0,0,1,0,1,1,0,0,0,1068,6950
74,159908,110,69,1050,3,0,Red,0,1600,3,0,0,1,0,1,0,0,0,0,0,1,0,1,1,1,0,1,1069,5740
69,156204,72,185,1115,3,1,Red,0,1300,3,0,1,1,1,0,0,0,1,0,0,1,0,1,1,0,0,0,1071,8950
73,156169,86,69,1035,3,1,Silver,0,1300,5,0,1,1,1,0,0,0,0,1,1,1,0,1,1,1,0,1,1072,6750
78,155210,110,69,1050,6,0,Blue,0,1600,3,0,0,1,0,0,0,0,0,1,1,1,0,0,0,1,0,0,1073,7950
69,155000,72,185,1115,3,0,Green,0,1300,3,0,1,1,1,0,0,0,0,0,0,1,0,1,1,0,0,0,1074,7950
76,154900,72,185,1140,3,1,Grey,0,1300,5,0,1,1,1,1,0,0,0,1,1,1,1,0,1,1,0,1,1075,7450
70,151300,72,185,1150,3,1,Black,0,1300,5,0,1,1,1,0,0,0,0,0,0,1,0,1,1,0,0,1,1076,7750
69,146304,72,185,1115,3,1,Grey,0,1300,3,0,1,1,1,0,0,0,0,0,0,1,0,1,1,0,0,0,1079,6900
75,146197,86,69,1015,3,0,Blue,0,1300,3,0,1,1,1,0,0,0,0,0,0,1,0,1,1,0,0,0,1080,5600
77,145996,110,69,1035,3,0,Grey,0,1600,4,0,1,1,0,1,0,0,0,1,1,1,0,0,0,0,0,0,1081,5950
80,143560,86,69,1045,3,1,Green,1,1300,3,0,0,1,0,0,0,0,0,0,0,1,0,0,1,0,0,0,1082,6950
71,139145,73,185,1115,6,0,Black,0,1300,2,0,0,1,1,0,0,0,0,0,0,0,0,0,0,0,0,1,1083,7950
79,138500,86,69,1050,3,0,Grey,0,1300,5,0,0,1,0,0,0,0,0,0,0,1,0,0,1,0,0,0,1084,8950
74,137741,90,185,1135,6,1,Blue,0,1300,5,0,0,1,0,0,0,0,0,0,0,1,0,0,0,0,0,0,1085,7950
80,137178,90,185,1135,6,1,Silver,0,1300,5,0,0,1,0,0,0,0,0,1,1,1,0,0,0,0,0,1,1086,9500
76,134889,72,185,1115,3,1,Red,0,1300,3,1,0,1,0,0,0,0,0,1,1,1,0,0,1,0,0,0,1087,8600
71,134660,72,64,1135,3,0,White,0,1300,5,0,1,1,0,0,0,0,0,0,0,1,0,0,0,0,0,0,1088,5950
73,134539,110,85,1070,3,0,Blue,0,1600,5,0,0,1,0,1,0,0,0,1,1,1,0,0,1,0,0,1,1089,7750
77,131307,110,69,1050,3,1,Red,0,1600,3,0,1,1,1,0,0,0,0,0,0,1,0,1,1,0,0,0,1092,6950
78,130000,86,19,1015,3,0,Blue,0,1300,5,0,1,1,0,0,0,0,0,0,0,1,0,0,0,0,0,0,1094,6500
77,128960,110,85,1070,3,1,Red,0,1600,5,0,0,1,0,1,0,0,0,1,1,1,0,1,1,0,0,1,1095,7250
80,128351,110,85,1070,3,1,Grey,0,1600,5,0,0,1,0,1,0,0,0,1,1,1,0,0,1,0,0,0,1096,9250
73,128006,110,69,1050,3,1,Blue,0,1600,3,1,0,1,0,0,0,0,0,1,1,1,0,0,1,1,0,0,1097,8250
71,127159,72,185,1115,3,1,Red,0,1300,3,0,1,1,1,0,0,0,0,0,0,1,0,0,1,0,0,1,1098,7250
72,126478,110,69,1035,3,1,Green,0,1600,4,0,1,1,1,1,0,0,0,0,0,1,0,0,0,1,0,0,1099,5250
77,126000,110,69,1050,6,1,Blue,0,1600,5,0,0,0,0,0,0,0,0,0,0,1,0,0,0,0,0,0,1100,7900
76,125778,110,69,1050,3,0,Grey,0,1600,3,0,1,1,1,0,0,0,0,0,0,1,0,1,1,0,0,0,1101,6900
75,125400,110,69,1050,6,0,White,0,1600,3,0,0,0,0,0,0,0,0,1,1,1,0,0,0,0,0,0,1102,7900
70,124743,110,69,1050,3,1,Blue,0,1600,3,0,0,1,0,0,0,0,0,1,1,1,0,0,1,1,0,1,1104,8450
76,124591,110,85,1075,3,1,Blue,0,1600,5,1,0,1,0,1,0,0,0,1,1,1,0,0,1,0,0,0,1105,7950
72,123403,110,69,1050,3,1,Green,0,1600,3,1,0,1,0,1,0,0,0,1,1,1,0,0,1,0,0,1,1107,6450
75,123104,110,85,1070,3,1,Blue,0,1600,5,0,1,1,1,0,0,0,0,0,0,1,0,1,1,0,0,0,1108,6650
74,123077,86,69,1015,3,1,Red,0,1300,3,0,1,1,0,0,0,0,0,0,0,1,0,1,1,0,0,0,1109,7950
80,122820,86,69,1040,3,0,Red,0,1300,5,0,1,1,1,1,0,0,0,1,1,1,1,0,1,1,0,0,1110,7250
74,121900,110,69,1035,3,1,Red,0,1600,4,0,1,1,1,1,0,0,0,1,1,1,0,0,0,0,0,1,1112,7950
71,120474,72,185,1115,3,1,Black,0,1300,3,0,1,1,1,0,0,0,0,0,0,1,0,1,1,0,0,0,1114,8250
76,120263,72,64,1135,6,1,Black,0,1300,5,0,0,1,0,0,0,0,0,0,0,1,0,0,0,0,0,0,1115,8950
74,120196,110,69,1050,3,1,Black,0,1600,3,0,1,1,1,1,0,0,0,1,1,1,1,1,1,1,0,0,1116,7750
71,120000,110,85,1085,3,0,White,0,1600,5,0,1,1,1,0,0,0,0,0,0,1,0,1,1,1,0,0,1117,8500
78,120000,110,85,1075,3,0,Green,0,1600,5,0,0,1,0,0,0,0,0,1,1,1,1,0,1,0,0,1,1118,7750
76,115345,110,85,1070,3,1,Red,0,1600,5,0,0,1,0,0,0,0,0,1,1,1,0,0,1,0,0,1,1120,6900
77,114258,86,69,1050,3,1,Blue,0,1300,5,0,1,1,1,0,0,0,0,0,0,1,0,1,1,0,0,1,1123,7600
73,112963,72,185,1135,3,1,Red,0,1300,5,1,0,1,0,0,0,0,0,0,0,1,0,0,1,0,0,1,1124,8950
74,112307,110,85,1070,3,1,Grey,0,1600,5,1,0,1,0,0,0,0,0,1,1,1,0,0,1,0,0,1,1125,7450
72,112000,86,69,1015,3,1,Blue,0,1300,3,0,0,1,0,0,0,0,0,1,1,1,0,0,1,0,0,0,1126,7350
76,110901,110,85,1085,3,1,Grey,0,1600,5,1,0,1,0,1,0,0,0,1,1,1,0,0,1,0,0,0,1129,9250
80,110887,110,85,1055,3,1,Green,0,1600,3,0,0,1,0,0,0,0,0,1,1,1,1,0,1,0,0,0,1130,7250
75,109540,110,85,1085,3,0,Grey,0,1600,5,1,1,1,1,1,0,0,0,1,1,1,0,1,1,0,0,0,1133,8700
78,109263,110,85,1070,3,0,Grey,0,1600,5,0,0,1,0,0,0,0,0,0,0,1,0,0,0,0,0,1,1134,7500
71,107516,110,69,1050,3,1,Black,0,1600,3,1,1,1,1,0,0,0,0,0,0,1,0,1,1,0,0,0,1135,7750
73,107108,110,69,1050,3,1,Grey,0,1600,3,0,0,1,0,0,0,0,0,1,1,1,0,1,1,0,0,1,1136,7950
75,107000,110,69,1050,3,1,Grey,0,1600,3,0,1,1,1,1,0,0,0,1,0,1,0,1,1,1,0,0,1137,9950
74,106250,110,85,1070,3,0,Green,0,1600,5,0,0,1,0,0,0,0,0,0,0,1,0,0,1,0,0,0,1138,6640
71,106150,86,19,1015,3,0,Black,0,1300,3,0,1,1,0,0,0,0,0,0,0,0,0,0,0,0,0,0,1139,8750
72,105856,86,69,1015,3,0,White,0,1300,3,0,0,1,0,0,0,0,0,0,1,1,0,1,1,0,0,0,1141,5950
74,104000,86,69,1010,3,1,Grey,0,1300,3,0,1,1,1,0,0,0,0,0,0,1,0,0,1,0,0,0,1146,6750
73,103121,86,69,1035,3,1,Grey,0,1300,5,0,1,1,1,0,0,0,0,1,1,0,0,0,0,0,0,0,1147,7950
80,102300,86,69,1015,3,1,Blue,0,1300,3,0,0,1,0,0,0,0,0,0,0,1,0,0,0,0,0,1,1148,7950
77,102000,86,69,1015,3,1,Blue,0,1300,3,1,0,1,0,0,0,0,0,0,0,1,0,0,1,0,0,0,1150,7750
74,101773,110,69,1050,3,0,Grey,0,1600,3,0,1,1,1,1,0,0,0,0,0,1,0,1,1,0,0,0,1152,6900
75,101159,110,85,1085,3,1,Red,0,1600,5,0,1,1,1,0,0,0,0,1,1,1,0,1,1,0,0,0,1153,8450
74,100732,86,69,1030,3,1,Blue,1,1300,4,0,0,1,0,0,0,0,0,0,0,1,0,0,0,0,0,1,1155,8050
79,100719,110,85,1070,3,0,Red,0,1600,5,0,0,1,0,1,0,0,0,1,1,1,0,0,1,0,0,0,1156,9500
78,100487,110,69,1035,3,0,Red,0,1600,4,1,0,1,1,1,0,0,0,1,1,1,0,0,0,0,0,0,1157,7750
75,100192,110,69,1050,3,1,Black,0,1600,3,1,0,1,0,1,0,0,1,1,1,1,0,0,1,1,0,0,1159,7795
80,100123,110,69,1050,3,1,Black,0,1600,3,1,0,1,0,0,0,0,0,0,0,1,0,0,1,0,0,0,1160,6490
73,99971,110,69,1050,3,1,Grey,0,1600,3,0,0,1,0,1,0,0,0,1,1,1,0,1,1,0,0,0,1161,7950
79,99397,86,69,1035,3,0,Blue,0,1300,5,0,1,1,1,0,0,0,0,0,0,1,0,1,1,0,0,1,1162,6425
69,99374,86,69,1035,3,1,Blue,0,1300,5,0,1,1,1,0,0,0,0,0,0,1,0,0,1,0,0,1,1163,8950
72,99245,110,19,1114,3,1,Red,0,1600,5,0,1,1,0,0,0,0,0,1,1,1,1,0,0,0,0,0,1164,6950
79,98742,110,85,1085,3,0,Silver,0,1600,5,1,0,1,0,0,0,0,0,0,0,1,0,0,1,0,0,0,1165,8750
71,98154,110,69,1050,6,1,Black,0,1600,3,0,0,1,0,1,0,0,0,1,1,1,0,0,0,1,0,0,1166,8450
80,97548,86,69,1035,3,0,White,0,1300,5,1,0,1,0,0,0,0,0,0,0,1,0,0,1,1,0,0,1168,7950
73,97494,110,85,1085,3,1,Silver,0,1600,5,1,1,1,1,0,0,0,1,1,1,1,0,1,1,0,0,0,1170,8950
73,97085,110,85,1085,3,1,Grey,0,1600,5,1,0,1,0,0,0,0,0,1,0,1,0,0,1,0,0,1,1171,8900
74,96000,110,85,1085,3,1,Black,0,1600,5,1,1,1,1,0,0,0,0,0,0,1,0,1,1,0,0,1,1175,9250
78,95909,110,85,1070,3,1,Black,0,1600,5,0,1,1,1,0,0,0,0,0,0,1,0,1,1,0,0,1,1176,6650
79,95700,110,85,1085,3,0,Red,0,1600,5,0,0,1,0,0,0,0,0,0,0,1,0,0,0,0,0,0,1177,6990
79,95000,86,69,1035,3,1,Grey,0,1300,5,1,1,1,1,0,0,0,0,0,0,1,0,1,1,0,0,0,1179,6950
80,94079,110,85,1085,3,1,Grey,0,1600,5,1,1,1,0,1,0,0,0,1,1,1,0,0,1,0,0,1,1181,9950
80,93841,110,85,1070,6,0,Silver,0,1600,5,0,1,1,0,0,0,0,0,0,1,1,0,0,0,0,0,0,1182,9250
79,93090,86,69,1035,3,1,Silver,0,1300,5,0,1,1,1,0,0,0,0,1,1,1,0,1,1,0,0,1,1183,7200
72,93066,110,85,1075,3,1,Grey,0,1600,5,0,1,1,1,0,0,0,0,1,1,1,1,0,1,1,0,1,1184,8250
79,93039,110,69,1050,3,1,Blue,0,1600,3,0,0,1,0,0,0,0,0,1,1,1,1,0,1,1,0,0,1185,8950
77,93000,110,85,1075,3,1,Green,0,1600,5,0,0,1,0,1,0,0,0,1,1,1,0,0,1,0,0,1,1186,8250
80,92830,86,69,1015,3,1,Silver,0,1300,3,0,1,1,1,0,0,0,0,0,0,1,0,0,1,0,0,0,1187,6250
80,92255,107,85,1105,3,0,Grey,1,1600,5,1,0,1,0,0,0,0,0,1,1,1,0,0,1,0,0,0,1189,9900
80,92096,86,69,1035,3,1,Red,0,1300,5,0,0,1,0,1,0,0,0,0,0,1,0,0,1,0,0,1,1190,7300
78,91399,110,85,1070,3,1,Blue,0,1600,5,1,1,1,1,0,0,0,1,0,1,1,0,1,1,0,0,1,1193,7950
75,91082,110,69,1050,3,1,Silver,0,1600,3,1,0,1,0,0,0,0,0,0,0,1,0,0,1,0,0,1,1194,7450
71,90370,86,69,1035,3,1,Blue,0,1300,5,1,1,1,1,0,0,0,0,0,0,1,0,1,1,1,0,0,1195,7950
78,90345,86,69,1035,6,1,Silver,0,1300,5,0,0,1,0,0,0,0,0,1,1,1,0,0,0,0,0,1,1196,8500
70,89983,110,85,1055,3,0,Red,0,1600,3,1,1,1,1,1,0,0,0,1,1,1,1,0,1,1,0,0,1200,8450
74,89800,72,185,1115,3,1,Grey,0,1300,3,0,0,1,0,0,0,0,0,0,0,1,0,0,1,0,0,0,1202,8750
79,89739,86,69,1035,3,1,Blue,0,1300,5,1,0,1,0,0,0,0,0,0,0,1,0,0,1,0,0,0,1203,8750
76,89520,110,69,1050,3,1,Blue,0,1600,3,1,0,1,0,0,0,0,0,0,0,1,0,0,1,0,0,0,1204,8950
75,89507,86,69,1015,3,0,Green,0,1300,3,0,1,1,1,0,0,0,0,0,0,1,0,1,1,0,0,0,1205,7450
69,89096,110,85,1085,3,1,Red,0,1600,5,0,1,1,1,0,0,0,0,1,0,1,0,1,1,0,0,0,1206,9200
74,88700,110,69,1050,3,1,Blue,0,1600,3,0,1,1,1,0,0,0,0,0,0,1,0,1,1,0,0,0,1207,8950
73,88186,72,185,1115,3,1,Blue,0,1300,3,0,0,1,0,0,0,0,0,0,0,1,0,0,1,0,0,0,1209,6950
75,88000,110,69,1050,3,1,Silver,0,1600,3,0,0,1,0,0,0,0,0,1,1,1,0,1,1,0,0,1,1210,7200
78,87743,110,85,1055,3,0,Black,0,1600,3,0,0,1,0,0,0,0,0,1,1,1,1,0,1,0,0,0,1211,7450
75,87613,86,69,1015,3,0,Grey,0,1300,3,0,1,1,1,0,0,0,0,0,0,1,0,1,1,0,0,0,1212,6750
73,87358,110,69,1050,3,1,Black,0,1600,3,1,1,1,0,0,0,0,0,1,1,1,1,1,1,1,0,0,1213,7500
72,87083,110,69,1035,3,0,Red,0,1600,4,1,0,1,0,1,0,0,0,1,1,1,0,0,1,0,0,1,1214,7450
78,87000,110,69,1035,3,1,Blue,0,1600,4,0,1,1,1,1,0,0,0,0,0,1,0,0,0,0,0,1,1216,7250
73,87000,86,69,1015,12,1,Red,0,1300,3,0,0,1,0,0,0,0,0,0,0,1,0,0,0,0,0,0,1217,7950
72,86860,110,85,1075,3,0,Green,0,1600,5,1,1,1,1,1,0,0,0,1,1,1,1,0,1,1,0,0,1219,8250
80,86109,110,85,1055,3,1,Grey,0,1600,3,0,1,1,1,1,0,0,0,1,1,1,1,0,1,0,0,1,1220,6750
79,86000,86,69,1040,3,1,Green,0,1300,5,0,0,1,0,0,0,0,1,1,1,1,0,0,0,0,0,1,1221,8750
80,85565,110,85,1070,3,0,Blue,0,1600,5,0,1,1,1,1,0,0,0,1,1,1,0,1,1,1,0,1,1224,8250
70,85470,107,85,1080,3,0,Red,1,1600,3,0,1,1,1,1,0,0,0,0,0,1,0,1,1,0,0,1,1225,9450
73,85200,110,69,1050,3,1,Silver,0,1600,3,1,0,1,0,0,0,0,0,0,0,1,0,0,1,0,0,0,1226,7950
70,85000,110,85,1055,3,1,Blue,0,1600,3,1,1,1,1,1,0,0,0,1,1,1,1,0,1,0,0,0,1227,7900
76,84472,110,85,1070,3,1,Black,0,1600,5,1,0,1,0,0,0,0,0,0,0,1,0,0,1,0,0,1,1230,8250
73,84402,110,69,1035,3,1,Red,0,1600,4,1,1,1,0,1,0,0,0,1,1,1,0,0,0,0,0,0,1231,8950
74,84123,110,69,1050,3,0,Black,0,1600,3,0,1,1,1,0,0,0,0,0,0,1,0,1,1,0,0,0,1232,7950
80,84000,110,85,1075,3,0,Blue,0,1600,5,0,1,1,1,1,0,0,0,1,1,1,1,0,1,1,0,0,1233,6950
78,84000,110,19,1065,3,1,Red,0,1600,5,0,1,1,0,1,0,0,0,0,0,1,0,0,0,0,0,1,1234,7250
77,84000,110,85,1085,3,1,Grey,0,1600,5,0,1,1,1,0,0,0,0,0,0,1,0,1,1,0,0,0,1235,7750
76,83405,110,85,1070,3,1,Grey,0,1600,5,0,1,1,1,0,0,0,0,0,0,1,0,1,1,0,0,1,1238,6750
69,83133,86,69,1015,3,0,Black,0,1300,3,0,1,1,1,0,0,0,0,0,0,1,0,1,1,0,0,0,1240,7950
71,83047,86,69,1045,3,1,Black,1,1300,3,0,1,1,1,0,0,0,0,0,0,1,0,1,1,0,0,1,1241,8950
71,82700,110,69,1050,3,0,Blue,0,1600,3,0,0,1,0,0,0,0,0,1,1,1,0,0,1,0,0,0,1242,7950
78,82675,86,69,1015,3,0,White,0,1300,3,0,1,1,1,0,0,0,0,0,0,1,0,1,1,0,0,0,1243,7450
78,82595,86,19,1015,3,1,Blue,0,1300,3,0,0,1,0,0,0,0,0,0,0,1,0,0,0,0,0,0,1244,5950
75,82256,110,69,1050,3,1,Blue,0,1600,3,0,1,1,0,0,0,0,0,1,1,1,0,1,1,0,0,0,1245,7750
77,82103,86,69,1015,3,1,Grey,0,1300,3,1,0,1,0,0,0,0,0,0,0,1,0,1,1,0,0,0,1246,6950
80,82021,86,69,1035,3,1,Grey,0,1300,5,1,0,1,0,0,0,0,0,0,0,1,0,0,1,0,0,0,1247,8750
79,81988,110,85,1070,3,1,Grey,0,1600,5,1,0,1,0,0,0,0,0,1,0,1,0,0,1,0,0,1,1249,7495
70,81663,110,69,1050,3,0,Blue,0,1600,3,0,0,1,0,0,0,0,0,1,1,1,0,0,0,0,0,1,1251,6950
77,80486,110,85,1070,3,1,Blue,0,1600,5,0,0,1,0,0,0,0,0,0,0,1,0,0,1,0,0,1,1252,7990
78,80000,110,19,1065,3,1,Blue,0,1600,4,0,1,1,0,1,0,0,0,0,0,1,0,0,0,0,0,1,1253,7250
69,79000,86,69,1015,3,0,Grey,0,1300,3,0,1,1,1,0,0,0,0,0,0,1,0,0,1,0,0,0,1254,6900
74,78894,110,85,1070,3,0,Black,0,1600,5,0,0,1,0,0,0,0,0,0,0,1,0,0,1,0,0,1,1255,7750
77,78435,86,69,1015,3,0,Red,0,1300,3,0,0,0,0,0,0,0,0,0,0,0,0,0,0,0,0,0,1257,8950
71,78260,110,69,1050,12,0,Blue,0,1600,3,0,1,0,0,0,0,0,0,0,0,1,0,0,0,0,0,1,1258,8500
72,78120,110,85,1075,3,1,Blue,0,1600,5,1,1,1,1,0,0,0,0,1,1,1,1,0,1,0,0,0,1259,7950
78,77000,110,69,1050,3,0,Red,0,1600,3,0,0,1,0,0,0,0,0,1,1,1,0,0,1,0,0,1,1261,8000
75,76382,110,85,1055,3,1,Green,0,1600,3,0,0,1,0,0,0,0,1,1,1,1,1,0,1,0,0,1,1262,7950
80,76000,110,69,1050,3,0,Red,0,1600,3,1,0,1,0,0,0,0,0,1,1,1,0,0,1,1,0,0,1265,8250
71,76000,110,85,1070,3,1,Blue,0,1600,5,0,1,1,1,1,0,0,0,1,1,1,0,0,1,0,0,1,1266,9250
72,75840,86,69,1035,3,0,Blue,0,1300,5,0,1,1,1,0,0,0,0,0,0,1,0,1,1,0,0,0,1267,7950
77,75799,110,19,1050,3,1,Black,0,1600,3,0,0,1,0,0,0,0,0,0,0,1,0,0,0,0,0,0,1268,9500
72,75525,110,19,1114,6,1,Blue,0,1600,3,0,0,1,0,0,0,0,0,1,1,1,0,0,0,1,0,0,1269,8950
78,75323,86,69,1050,12,1,Red,0,1300,5,0,0,1,0,0,0,0,0,0,0,1,0,0,0,0,0,1,1270,8450
79,75322,110,85,1115,6,1,Green,0,1600,4,0,0,1,0,0,0,0,0,0,0,1,0,0,0,0,0,1,1271,7995
78,75226,110,69,1035,6,0,Red,0,1600,4,0,0,0,0,0,0,0,0,0,0,1,0,0,0,0,0,1,1272,8750
71,75085,86,69,1035,3,0,Blue,0,1300,5,0,1,1,1,0,0,0,0,0,0,1,0,1,1,0,0,0,1273,5950
73,75000,110,85,1075,3,0,Grey,0,1600,5,0,0,1,0,1,0,0,0,1,1,1,1,0,1,0,0,0,1274,8500
69,75000,86,69,1000,12,1,Blue,0,1300,4,1,0,0,0,0,0,0,0,0,0,0,0,0,0,0,0,0,1275,8950
78,74926,110,85,1075,6,1,Silver,0,1600,5,0,0,1,0,0,0,0,0,1,1,1,0,0,0,0,0,1,1277,7600
69,74573,110,85,1085,3,1,Blue,0,1600,5,1,1,1,1,0,0,0,0,0,0,1,0,1,1,0,0,0,1279,8450
75,74567,86,19,1015,3,1,Red,0,1300,3,0,0,0,0,0,0,0,0,0,0,1,0,0,0,0,0,0,1280,5950
80,74196,110,85,1075,3,0,Blue,0,1600,5,0,1,1,1,1,0,0,1,1,1,1,1,0,1,1,0,1,1281,9000
75,74096,110,69,1050,3,1,Black,0,1600,3,0,0,1,0,0,0,0,1,1,1,1,0,1,1,0,0,0,1283,7400
79,74093,110,85,1075,3,1,Silver,0,1600,5,1,1,1,1,1,0,0,0,1,1,1,1,0,1,1,0,0,1284,8800
71,74000,110,69,1050,3,0,Blue,0,1600,3,0,1,1,1,1,0,0,0,0,0,1,0,1,1,0,0,1,1285,7750
75,74000,86,69,1015,3,1,Black,0,1300,3,0,1,1,1,0,0,0,0,0,0,1,0,1,1,0,0,0,1286,7500
80,73200,110,85,1070,3,1,Black,0,1600,5,0,0,1,1,0,0,0,0,1,1,1,0,1,1,0,0,0,1289,7500
70,73014,110,85,1075,3,1,Blue,0,1600,5,0,1,1,1,1,0,0,0,1,1,1,1,0,1,0,0,1,1291,8950
79,72328,110,85,1075,3,1,Silver,0,1600,5,0,0,1,0,0,0,0,0,1,1,1,1,0,1,0,0,1,1293,7950
78,72222,110,85,1070,3,1,Red,0,1600,5,0,1,1,0,1,0,0,0,1,1,1,0,0,1,0,0,0,1294,7950
71,72128,107,85,1100,3,1,Grey,1,1600,5,0,1,1,1,0,0,0,0,1,1,1,0,1,1,0,0,1,1295,8950
78,72090,110,85,1070,3,1,Red,0,1600,5,1,0,1,0,0,0,0,0,0,0,1,0,0,1,0,0,1,1296,7750
78,72000,110,69,1035,3,1,Green,0,1600,4,1,0,1,0,1,0,0,0,1,1,1,0,0,0,0,0,1,1297,8250
78,72000,110,85,1055,3,0,Grey,0,1600,3,1,0,1,0,0,0,0,0,1,1,1,1,0,1,0,0,0,1298,7950
77,71900,86,69,1015,3,1,Green,0,1300,3,1,0,1,0,0,0,0,0,0,0,1,0,0,1,0,0,0,1299,7750
80,71740,110,85,1070,6,1,Silver,0,1600,5,0,0,1,0,0,0,0,0,0,0,1,0,0,0,0,0,1,1301,6950
79,71263,86,69,1015,6,0,Red,0,1300,3,0,0,0,0,0,0,0,1,0,0,1,0,0,0,0,0,0,1304,5950
72,71054,86,69,1045,6,0,Red,1,1300,3,0,0,0,0,0,0,0,0,0,0,0,0,0,0,0,0,0,1306,8950
80,70939,110,85,1100,3,1,Red,1,1600,5,0,0,0,0,0,0,0,0,1,1,1,0,0,0,0,0,1,1308,6900
77,70932,110,69,1050,3,1,Black,0,1600,3,1,1,1,1,0,0,0,0,1,1,1,0,1,1,0,0,0,1309,7450
80,70597,107,85,1080,3,1,Grey,1,1600,3,1,1,1,1,0,0,0,1,1,0,1,0,1,1,0,0,1,1310,8500
73,70482,110,19,1075,3,1,Red,0,1600,5,0,1,1,0,0,0,0,0,0,0,1,0,0,0,0,0,0,1311,7500
77,70124,110,69,1050,3,1,Blue,0,1600,3,1,0,1,0,0,0,0,0,1,0,1,0,0,1,0,0,0,1312,8750
76,70039,110,69,1050,3,1,Grey,0,1600,3,1,1,1,0,0,0,0,0,0,0,1,0,1,1,0,0,1,1313,7500
80,69904,110,85,1070,3,0,Blue,0,1600,5,0,0,1,0,1,0,0,0,1,1,1,0,0,1,0,0,0,1314,9950
75,69388,86,69,1010,6,0,Blue,0,1300,3,0,0,0,0,0,0,0,0,0,0,0,0,0,0,0,0,0,1315,7950
75,69320,110,85,1070,3,1,Red,0,1600,5,1,0,1,0,1,0,0,0,1,1,1,0,0,1,0,0,0,1316,9950
78,69000,110,85,1075,3,1,Grey,0,1600,5,0,0,1,0,0,0,0,1,1,1,1,1,0,1,0,0,0,1317,9250
73,68988,86,69,1035,3,1,Grey,0,1300,5,1,0,1,0,0,0,0,0,0,0,1,0,0,1,1,0,0,1318,9250
74,68285,110,69,1050,3,1,Blue,0,1600,3,1,1,1,1,0,0,0,0,0,1,1,0,1,1,0,0,0,1320,5950
76,68000,110,85,1075,3,1,Black,0,1600,5,0,0,1,0,1,0,0,0,1,1,1,0,0,0,0,0,1,1321,7995
75,67451,86,69,1000,3,1,Red,0,1300,4,0,1,1,1,0,0,0,1,0,0,1,0,0,0,0,0,0,1323,7450
76,67266,86,69,1035,3,1,Blue,0,1300,5,0,0,1,0,0,0,0,0,1,0,1,0,1,1,0,0,0,1324,8250
78,67255,110,85,1085,3,0,Red,0,1600,5,0,0,1,0,0,0,0,0,0,0,1,0,0,1,0,0,0,1325,8500
80,66880,110,85,1055,3,1,Black,0,1600,3,1,1,1,1,0,0,0,0,1,1,1,1,0,1,1,0,1,1328,7250
74,66718,110,69,1050,3,1,Blue,0,1600,3,0,0,1,0,1,0,0,0,1,1,1,0,0,0,0,0,0,1331,8500
80,65950,110,85,1070,3,0,Black,0,1600,5,0,1,1,1,0,0,0,0,0,0,1,0,1,1,0,0,0,1333,7400
78,65500,86,69,1015,3,1,Black,0,1300,3,1,0,0,0,0,0,0,0,0,0,1,0,0,0,0,0,0,1334,8950
80,65307,110,85,1055,3,1,Blue,0,1600,3,1,1,1,1,0,0,0,0,1,1,1,1,0,1,1,0,1,1335,6900
79,65254,86,69,1015,3,1,Black,0,1300,3,1,0,1,0,0,0,0,1,0,0,1,0,0,1,0,0,1,1336,7750
71,65021,72,185,1115,3,1,Black,0,1300,3,0,1,1,1,0,0,0,0,0,0,1,0,0,1,0,0,1,1337,8950
75,65006,86,69,1015,3,1,Green,0,1300,3,0,0,1,0,0,0,0,0,0,0,1,0,1,1,0,0,0,1338,6950
77,64280,110,69,1035,3,0,Red,0,1600,4,1,0,1,0,0,0,0,0,0,0,1,0,0,0,1,0,0,1339,8495
75,64000,107,85,1085,3,0,Green,1,1600,3,0,0,1,0,0,0,0,0,1,1,1,1,0,1,0,0,0,1340,10000
71,64000,110,85,1070,3,1,Green,0,1600,5,0,0,1,1,0,0,0,0,0,0,1,0,0,1,0,0,1,1341,6999
79,63918,110,69,1035,6,0,Silver,0,1600,4,0,0,1,0,0,0,0,0,1,1,1,0,0,0,0,0,0,1343,8500
80,62581,110,85,1075,3,0,Green,0,1600,5,0,0,1,0,0,0,0,0,1,1,1,0,0,1,0,0,0,1348,6950
77,61906,86,85,1065,3,1,Silver,1,1300,5,0,1,1,1,0,0,0,0,1,1,1,1,1,1,0,0,0,1350,8450
77,61648,110,85,1070,3,1,Blue,0,1600,5,1,1,1,0,0,0,0,0,1,0,1,0,1,1,0,0,1,1352,8250
75,61626,86,69,1035,6,0,Red,0,1300,5,0,1,1,0,0,0,0,0,0,0,1,0,0,0,0,0,0,1353,7950
79,61165,107,85,1080,3,1,Red,1,1600,3,1,1,1,1,1,0,0,0,0,0,1,0,1,1,0,0,0,1355,9000
70,61000,110,69,1035,3,1,Red,0,1600,4,0,1,1,1,0,0,0,0,1,1,1,0,0,0,0,0,1,1356,7150
76,60833,110,69,1035,3,1,Blue,0,1600,4,0,1,1,1,0,0,0,0,0,0,1,0,0,0,0,0,0,1357,7750
70,60600,86,85,1060,3,0,White,0,1300,3,0,0,1,0,0,0,0,0,0,0,1,0,0,0,0,0,0,1358,5845
79,60142,110,69,1050,12,0,Silver,0,1600,3,1,0,1,0,0,0,0,0,1,1,1,0,0,0,0,0,0,1361,9450
77,60000,110,69,1050,3,1,Green,0,1600,3,0,1,1,1,0,0,0,1,1,1,1,0,1,1,0,0,0,1363,8400
76,60000,110,69,1050,3,0,Green,0,1600,3,1,1,1,1,0,0,0,0,0,0,1,0,1,1,0,0,0,1364,7900
76,59815,110,85,1055,6,1,Silver,0,1300,3,0,0,1,1,1,0,0,0,1,1,1,1,0,0,0,0,1,1365,7950
73,59240,110,69,1050,3,1,Blue,0,1600,3,1,1,1,1,1,0,0,0,1,1,1,0,1,1,0,0,0,1367,9900
71,59164,110,69,1035,3,0,Blue,0,1600,4,0,1,1,1,0,0,0,0,0,0,1,0,0,0,0,0,0,1368,6495
70,59017,107,85,1080,3,1,Green,1,1600,3,1,1,1,1,1,0,0,0,1,1,1,0,1,1,0,0,1,1369,8250
69,58952,110,69,1050,3,1,Grey,0,1600,3,0,1,1,1,1,0,0,0,1,0,1,0,1,1,0,0,1,1370,6900
80,58267,110,85,1070,6,1,Green,0,1600,5,0,1,1,0,0,0,0,0,1,1,1,0,0,0,1,0,0,1373,8250
80,58000,110,85,1055,6,0,Red,0,1600,3,0,1,1,0,0,0,0,0,1,1,1,0,0,0,1,0,1,1374,8950
70,57829,110,19,1050,3,0,Grey,0,1600,3,0,1,1,0,1,1,0,0,1,1,1,1,0,0,0,0,0,1375,9750
80,57787,86,69,1015,3,0,Blue,0,1300,3,1,1,1,1,0,0,0,0,0,0,1,0,1,1,0,0,0,1376,8250
78,57628,110,85,1075,3,0,White,0,1600,5,0,0,1,0,0,0,0,0,1,1,1,0,0,1,0,0,0,1377,8900
76,57263,110,69,1050,3,1,Green,0,1600,3,0,0,1,0,0,0,0,0,0,0,1,0,0,1,1,0,1,1379,6750
75,57144,110,85,1070,3,1,Green,0,1600,5,1,1,1,1,0,0,0,0,0,0,1,0,1,1,1,0,1,1380,7950
80,57000,86,69,1000,3,0,Blue,0,1300,4,1,0,1,0,0,0,0,0,0,0,1,0,0,0,0,0,0,1382,7750
73,56566,110,69,1050,3,1,Black,0,1600,3,0,0,1,0,1,0,0,0,1,1,1,0,1,1,1,0,1,1383,7800
73,56307,110,69,1050,3,1,Grey,0,1600,3,1,1,1,1,1,0,0,0,1,1,1,0,1,1,0,0,0,1384,8750
79,56214,86,69,1015,6,0,Green,0,1300,3,0,1,1,0,0,0,0,0,1,1,1,0,0,0,0,0,0,1385,9500
74,56132,110,69,1035,3,0,White,0,1600,4,0,0,1,0,0,0,0,0,0,0,1,0,0,0,0,0,0,1386,7750
77,54439,86,69,1015,3,1,Red,0,1300,3,0,0,1,0,0,0,0,0,1,1,1,0,0,1,0,0,1,1388,7750
69,53809,110,69,1050,3,1,Grey,0,1600,3,0,1,1,1,0,0,0,0,0,0,1,0,1,1,0,0,0,1389,5950
76,53133,110,85,1070,3,1,Green,0,1600,5,1,0,1,1,1,0,0,0,0,0,1,0,1,1,0,0,0,1390,10950
77,52900,110,19,1075,3,1,Green,0,1600,4,0,0,1,0,0,0,0,0,0,0,1,0,0,0,0,0,0,1391,9450
80,52700,110,69,1050,3,0,Red,0,1600,3,0,0,1,0,0,0,0,0,0,1,1,0,1,1,0,0,1,1392,8250
69,52320,110,85,1070,3,0,Red,0,1600,5,1,1,1,1,0,0,0,0,1,1,1,0,0,1,0,0,1,1393,9750
75,52000,110,19,1075,6,0,Red,0,1600,5,0,1,0,0,1,0,0,0,1,1,1,0,0,0,0,0,0,1395,8750
73,52000,110,85,1065,3,1,Green,1,1600,4,1,0,1,0,0,0,0,0,1,1,1,0,0,0,0,0,1,1397,8500
69,49640,110,69,1035,3,1,Red,0,1600,4,0,1,1,1,0,0,0,1,0,0,1,0,0,0,0,0,1,1400,7250
80,49580,110,69,1035,3,1,Red,0,1600,4,0,1,1,1,0,0,0,0,1,1,1,0,0,0,0,0,0,1401,7450
76,49170,86,69,1045,3,0,Red,0,1300,3,1,0,0,0,0,0,0,0,0,0,1,0,0,0,0,0,0,1402,8750
77,48838,110,85,1055,3,0,Grey,0,1600,3,0,0,1,0,0,0,0,0,1,1,1,1,0,1,0,0,0,1403,9800
71,48576,86,69,1015,3,1,Green,0,1300,3,1,1,1,1,0,0,0,0,0,0,1,0,0,1,0,0,0,1404,7500
75,48400,110,85,1075,3,1,Grey,0,1600,5,0,1,1,1,0,0,0,0,1,1,1,0,0,1,1,0,0,1405,8950
71,47633,110,85,1075,3,1,Green,0,1600,5,0,0,1,0,1,0,0,0,0,1,0,0,0,0,0,0,1,1408,8950
78,47400,86,69,1040,3,1,Grey,0,1300,5,1,0,1,0,0,0,0,0,1,1,1,1,0,1,0,0,1,1409,10500
73,47360,86,69,1010,3,0,Grey,0,1300,3,0,0,1,0,0,0,0,0,0,0,1,0,0,1,0,0,0,1410,7000
70,44850,110,69,1050,3,1,Blue,0,1600,3,0,1,1,1,1,0,0,1,0,0,1,0,1,1,0,0,0,1413,8950
80,44444,110,69,1050,3,1,Blue,0,1600,3,1,1,1,0,1,0,0,1,1,1,1,1,1,1,1,0,0,1415,9250
75,43720,110,85,1070,3,1,Grey,0,1600,5,0,1,1,1,0,0,0,0,0,0,1,0,1,1,0,0,1,1416,7900
76,43532,110,85,1070,3,0,White,0,1600,5,1,0,1,0,0,0,0,0,0,0,1,0,0,1,0,0,0,1418,7950
74,42317,107,85,1100,3,1,Black,1,1600,5,1,0,1,0,1,0,0,0,1,0,1,1,0,1,0,0,1,1420,8750
80,42186,110,69,1050,3,1,Green,0,1600,3,0,1,1,0,0,0,0,0,0,0,1,1,0,1,0,0,1,1421,7500
72,42000,110,69,1050,3,1,Red,0,1600,3,0,1,1,1,0,0,0,0,0,0,1,0,1,1,0,0,0,1422,6950
79,39800,107,85,1080,3,0,Green,1,1600,3,0,1,1,1,0,0,0,0,0,0,1,0,1,1,0,0,0,1424,8750
73,39168,86,69,1015,3,0,Red,0,1300,3,1,1,1,1,0,0,0,0,0,0,1,0,1,1,0,0,0,1425,7750
75,38945,110,69,1050,3,1,Beige,0,1600,3,1,0,1,0,1,0,0,0,1,1,1,0,0,1,1,0,0,1426,8450
76,36537,110,85,1075,3,0,Red,1,1600,4,0,0,0,0,0,0,0,0,0,0,0,0,0,0,0,0,0,1427,8150
78,36000,86,69,1045,3,0,Green,1,1300,3,0,0,1,0,0,0,0,0,0,0,1,0,0,1,0,0,0,1428,8500
78,36000,110,69,1050,3,1,Blue,0,1600,3,1,0,1,0,0,0,0,0,1,1,1,0,0,1,1,0,0,1429,7600
80,35821,86,19,1015,3,0,Red,1,1300,3,0,1,1,0,0,0,0,0,0,0,1,0,0,0,0,0,0,1430,7950
73,34717,86,69,1015,6,0,Red,0,1300,3,0,0,1,0,0,0,0,0,0,0,1,0,0,0,0,0,0,1431,7750
80,34000,86,69,1000,12,1,Silver,0,1300,4,1,0,0,0,0,0,0,0,0,0,0,0,0,0,0,0,0,1432,7950
71,29000,86,69,1045,3,1,Blue,1,1300,3,1,0,1,1,0,0,0,0,0,0,1,0,0,1,0,0,0,1434,8950
69,20544,86,69,1025,3,1,Blue,0,1300,3,1,1,1,1,1,0,0,0,1,1,1,1,1,1,0,0,0,1438,7500
71,17016,86,69,1015,3,0,Blue,0,1300,3,0,0,1,1,0,0,0,0,0,0,1,0,0,1,0,0,0,1440,8500
70,16916,86,69,1015,3,1,Grey,0,1300,3,1,0,0,0,0,0,0,0,0,0,0,0,0,1,0,0,0,1441,7250
76,1,110,19,1114,3,0,Green,0,1600,5,0,0,1,0,0,0,0,0,0,0,1,0,0,0,0,0,0,1442,6950
